id,name,room_type,price,minimum_nights,number_of_reviews,availability_365
10001,Airbnb Room 1,Entire home/apt,240,5.0,46,320
10002,Airbnb Room 2,Entire home/apt,368,30.0,49,49
10003,Airbnb Room 3,Entire home/apt,228,1.0,17,286
10004,Airbnb Room 4,Entire home/apt,167,3.0,6,274
10005,Airbnb Room 5,Private room,89,1.0,18,270
10006,Airbnb Room 6,Entire home/apt,155,1.0,35,145
10007,Airbnb Room 7,Entire home/apt,318,1.0,26,287
10008,Airbnb Room 8,Shared room,114,1.0,21,161
10009,Airbnb Room 9,Private room,76,1.0,13,273
10010,Airbnb Room 10,Entire home/apt,298,2.0,110,226
10011,Airbnb Room 11,Shared room,88,3.0,62,97
10012,Airbnb Room 12,Entire home/apt,191,3.0,20,159
10013,Airbnb Room 13,Entire home/apt,180,1.0,119,322
10014,Airbnb Room 14,Entire home/apt,431,1.0,51,174
10015,Airbnb Room 15,Entire home/apt,209,30.0,5,56
10016,Airbnb Room 16,Shared room,61,3.0,72,344
10017,Airbnb Room 17,Private room,94,7.0,32,136
10018,Airbnb Room 18,Entire home/apt,196,1.0,19,94
10019,Airbnb Room 19,Entire home/apt,179,2.0,27,53
10020,Airbnb Room 20,Entire home/apt,188,2.0,36,39
10021,Airbnb Room 21,Private room,114,1.0,53,325
10022,Airbnb Room 22,Entire home/apt,179,1.0,22,312
10023,Airbnb Room 23,Private room,106,3.0,40,129
10024,Airbnb Room 24,Entire home/apt,225,30.0,49,355
10025,Airbnb Room 25,Entire home/apt,292,2.0,1,362
10026,Airbnb Room 26,Entire home/apt,185,1.0,8,24
10027,Airbnb Room 27,Shared room,13,1.0,40,353
10028,Airbnb Room 28,Entire home/apt,192,1.0,45,291
10029,Airbnb Room 29,Entire home/apt,250,1.0,36,129
10030,Airbnb Room 30,Private room,144,1.0,57,261
10031,Airbnb Room 31,Shared room,104,3.0,34,186
10032,Airbnb Room 32,Private room,100,1.0,21,172
10033,Airbnb Room 33,Entire home/apt,166,1.0,50,27
10034,Airbnb Room 34,Entire home/apt,162,1.0,33,7
10035,Airbnb Room 35,Entire home/apt,197,1.0,44,110
10036,Airbnb Room 36,Entire home/apt,268,3.0,42,29
10037,Airbnb Room 37,Entire home/apt,246,5.0,42,122
10038,Airbnb Room 38,Entire home/apt,297,1.0,16,47
10039,Airbnb Room 39,Entire home/apt,139,3.0,18,252
10040,Airbnb Room 40,Private room,113,1.0,23,362
10041,Airbnb Room 41,Entire home/apt,262,1.0,35,171
10042,Airbnb Room 42,Entire home/apt,191,5.0,63,41
10043,Airbnb Room 43,Private room,87,1.0,99,237
10044,Airbnb Room 44,Entire home/apt,233,3.0,22,200
10045,Airbnb Room 45,Entire home/apt,200,3.0,20,121
10046,Airbnb Room 46,Private room,123,3.0,30,253
10047,Airbnb Room 47,Private room,127,1.0,18,343
10048,Airbnb Room 48,Entire home/apt,158,1.0,27,6
10049,Airbnb Room 49,Entire home/apt,209,3.0,15,132
10050,Airbnb Room 50,Entire home/apt,343,7.0,15,361
10051,Airbnb Room 51,Entire home/apt,186,2.0,86,122
10052,Airbnb Room 52,Entire home/apt,230,2.0,16,44
10053,Airbnb Room 53,Private room,141,2.0,40,165
10054,Airbnb Room 54,Entire home/apt,307,30.0,35,84
10055,Airbnb Room 55,Entire home/apt,337,1.0,70,328
10056,Airbnb Room 56,Entire home/apt,192,1.0,5,157
10057,Airbnb Room 57,Private room,192,1.0,17,213
10058,Airbnb Room 58,Entire home/apt,203,2.0,68,100
10059,Airbnb Room 59,Entire home/apt,243,30.0,16,145
10060,Airbnb Room 60,Entire home/apt,200,1.0,20,74
10061,Airbnb Room 61,Private room,117,3.0,38,145
10062,Airbnb Room 62,Entire home/apt,194,1.0,6,8
10063,Airbnb Room 63,Entire home/apt,202,1.0,31,50
10064,Airbnb Room 64,Entire home/apt,169,3.0,16,242
10065,Airbnb Room 65,Entire home/apt,223,2.0,52,231
10066,Airbnb Room 66,Entire home/apt,276,3.0,11,10
10067,Airbnb Room 67,Private room,144,3.0,46,335
10068,Airbnb Room 68,Entire home/apt,232,30.0,47,233
10069,Airbnb Room 69,Private room,93,1.0,64,242
10070,Airbnb Room 70,Entire home/apt,237,2.0,14,233
10071,Airbnb Room 71,Private room,94,1.0,23,277
10072,Airbnb Room 72,Private room,94,2.0,16,5
10073,Airbnb Room 73,Private room,64,1.0,19,251
10074,Airbnb Room 74,Shared room,86,1.0,57,289
10075,Airbnb Room 75,Entire home/apt,193,1.0,51,223
10076,Airbnb Room 76,Private room,131,1.0,24,283
10077,Airbnb Room 77,Entire home/apt,317,2.0,56,41
10078,Airbnb Room 78,Private room,200,3.0,18,95
10079,Airbnb Room 79,Entire home/apt,200,1.0,35,22
10080,Airbnb Room 80,Entire home/apt,223,2.0,77,261
10081,Airbnb Room 81,Private room,102,1.0,19,198
10082,Airbnb Room 82,Entire home/apt,229,30.0,40,201
10083,Airbnb Room 83,Entire home/apt,221,1.0,12,28
10084,Airbnb Room 84,Private room,89,1.0,55,30
10085,Airbnb Room 85,Private room,152,1.0,22,247
10086,Airbnb Room 86,Entire home/apt,210,2.0,37,24
10087,Airbnb Room 87,Entire home/apt,272,5.0,27,21
10088,Airbnb Room 88,Entire home/apt,218,1.0,21,3
10089,Airbnb Room 89,Shared room,118,5.0,33,209
10090,Airbnb Room 90,Entire home/apt,258,3.0,24,131
10091,Airbnb Room 91,Shared room,83,3.0,5,167
10092,Airbnb Room 92,Entire home/apt,241,1.0,50,6
10093,Airbnb Room 93,Entire home/apt,381,2.0,15,154
10094,Airbnb Room 94,Entire home/apt,276,5.0,11,359
10095,Airbnb Room 95,Private room,89,2.0,51,340
10096,Airbnb Room 96,Shared room,118,7.0,127,33
10097,Airbnb Room 97,Private room,146,7.0,27,115
10098,Airbnb Room 98,Entire home/apt,208,1.0,35,286
10099,Airbnb Room 99,Entire home/apt,264,1.0,1,49
10100,Airbnb Room 100,Private room,99,1.0,39,165
10101,Airbnb Room 101,Entire home/apt,253,2.0,56,28
10102,Airbnb Room 102,Private room,165,2.0,20,332
10103,Airbnb Room 103,Entire home/apt,259,3.0,16,289
10104,Airbnb Room 104,Private room,130,1.0,45,357
10105,Airbnb Room 105,Private room,153,5.0,44,334
10106,Airbnb Room 106,Shared room,103,30.0,7,146
10107,Airbnb Room 107,Entire home/apt,183,1.0,16,154
10108,Airbnb Room 108,Private room,104,2.0,60,30
10109,Airbnb Room 109,Private room,98,2.0,27,265
10110,Airbnb Room 110,Private room,188,2.0,23,252
10111,Airbnb Room 111,Private room,95,2.0,59,79
10112,Airbnb Room 112,Entire home/apt,214,2.0,47,271
10113,Airbnb Room 113,Entire home/apt,188,1.0,33,169
10114,Airbnb Room 114,Entire home/apt,210,5.0,47,257
10115,Airbnb Room 115,Private room,62,7.0,23,31
10116,Airbnb Room 116,Private room,104,1.0,4,108
10117,Airbnb Room 117,Private room,94,3.0,89,202
10118,Airbnb Room 118,Private room,201,5.0,15,157
10119,Airbnb Room 119,Entire home/apt,182,1.0,75,262
10120,Airbnb Room 120,Entire home/apt,242,3.0,41,209
10121,Airbnb Room 121,Entire home/apt,223,1.0,33,345
10122,Airbnb Room 122,Shared room,48,2.0,37,102
10123,Airbnb Room 123,Shared room,104,1.0,33,182
10124,Airbnb Room 124,Entire home/apt,204,3.0,15,225
10125,Airbnb Room 125,Private room,98,2.0,30,151
10126,Airbnb Room 126,Private room,99,3.0,32,314
10127,Airbnb Room 127,Private room,121,2.0,47,190
10128,Airbnb Room 128,Entire home/apt,199,2.0,33,320
10129,Airbnb Room 129,Entire home/apt,372,5.0,58,33
10130,Airbnb Room 130,Private room,195,3.0,32,255
10131,Airbnb Room 131,Private room,103,7.0,70,0
10132,Airbnb Room 132,Entire home/apt,175,2.0,24,79
10133,Airbnb Room 133,Entire home/apt,213,3.0,45,208
10134,Airbnb Room 134,Private room,112,1.0,73,124
10135,Airbnb Room 135,Entire home/apt,202,2.0,9,115
10136,Airbnb Room 136,Entire home/apt,257,1.0,44,288
10137,Airbnb Room 137,Entire home/apt,1124,1.0,23,313
10138,Airbnb Room 138,Private room,112,1.0,15,102
10139,Airbnb Room 139,Entire home/apt,219,3.0,58,71
10140,Airbnb Room 140,Entire home/apt,192,5.0,10,98
10141,Airbnb Room 141,Entire home/apt,207,3.0,9,132
10142,Airbnb Room 142,Entire home/apt,316,1.0,8,142
10143,Airbnb Room 143,Private room,78,5.0,25,64
10144,Airbnb Room 144,Private room,85,3.0,139,109
10145,Airbnb Room 145,Entire home/apt,189,2.0,8,327
10146,Airbnb Room 146,Entire home/apt,255,2.0,14,104
10147,Airbnb Room 147,Entire home/apt,199,2.0,16,268
10148,Airbnb Room 148,Entire home/apt,197,3.0,59,237
10149,Airbnb Room 149,Entire home/apt,227,2.0,46,173
10150,Airbnb Room 150,Entire home/apt,196,2.0,27,289
10151,Airbnb Room 151,Private room,169,1.0,2,220
10152,Airbnb Room 152,Entire home/apt,229,1.0,17,229
10153,Airbnb Room 153,Private room,132,3.0,22,234
10154,Airbnb Room 154,Entire home/apt,176,5.0,54,268
10155,Airbnb Room 155,Private room,117,1.0,41,33
10156,Airbnb Room 156,Entire home/apt,204,2.0,106,100
10157,Airbnb Room 157,Private room,62,3.0,31,204
10158,Airbnb Room 158,Private room,171,3.0,40,248
10159,Airbnb Room 159,Entire home/apt,265,2.0,132,354
10160,Airbnb Room 160,Entire home/apt,203,1.0,56,20
10161,Airbnb Room 161,Entire home/apt,211,3.0,100,175
10162,Airbnb Room 162,Entire home/apt,229,2.0,18,360
10163,Airbnb Room 163,Private room,93,1.0,19,269
10164,Airbnb Room 164,Private room,91,3.0,26,110
10165,Airbnb Room 165,Entire home/apt,184,1.0,49,214
10166,Airbnb Room 166,Private room,103,2.0,35,118
10167,Airbnb Room 167,Entire home/apt,184,7.0,34,21
10168,Airbnb Room 168,Entire home/apt,191,30.0,7,337
10169,Airbnb Room 169,Private room,51,2.0,71,362
10170,Airbnb Room 170,Entire home/apt,324,1.0,5,303
10171,Airbnb Room 171,Entire home/apt,297,7.0,18,146
10172,Airbnb Room 172,Entire home/apt,177,5.0,26,159
10173,Airbnb Room 173,Entire home/apt,191,3.0,14,32
10174,Airbnb Room 174,Entire home/apt,175,1.0,78,278
10175,Airbnb Room 175,Entire home/apt,218,1.0,10,178
10176,Airbnb Room 176,Entire home/apt,282,2.0,53,153
10177,Airbnb Room 177,Private room,95,7.0,57,113
10178,Airbnb Room 178,Entire home/apt,191,2.0,18,28
10179,Airbnb Room 179,Entire home/apt,190,30.0,27,208
10180,Airbnb Room 180,Private room,257,5.0,31,181
10181,Airbnb Room 181,Private room,155,7.0,34,311
10182,Airbnb Room 182,Entire home/apt,404,3.0,38,11
10183,Airbnb Room 183,Entire home/apt,217,3.0,28,222
10184,Airbnb Room 184,Entire home/apt,260,3.0,54,18
10185,Airbnb Room 185,Entire home/apt,243,3.0,44,130
10186,Airbnb Room 186,Entire home/apt,239,7.0,51,242
10187,Airbnb Room 187,Private room,106,1.0,19,339
10188,Airbnb Room 188,Entire home/apt,220,3.0,31,131
10189,Airbnb Room 189,Entire home/apt,283,2.0,14,233
10190,Airbnb Room 190,Entire home/apt,292,2.0,46,121
10191,Airbnb Room 191,Entire home/apt,260,7.0,16,119
10192,Airbnb Room 192,Private room,115,3.0,10,353
10193,Airbnb Room 193,Private room,87,1.0,48,252
10194,Airbnb Room 194,Entire home/apt,180,3.0,72,356
10195,Airbnb Room 195,Entire home/apt,187,3.0,88,144
10196,Airbnb Room 196,Shared room,88,2.0,31,187
10197,Airbnb Room 197,Private room,68,5.0,5,139
10198,Airbnb Room 198,Entire home/apt,228,1.0,6,241
10199,Airbnb Room 199,Entire home/apt,224,3.0,66,319
10200,Airbnb Room 200,Private room,89,1.0,10,344
10201,Airbnb Room 201,Private room,87,5.0,32,279
10202,Airbnb Room 202,Entire home/apt,208,2.0,42,206
10203,Airbnb Room 203,Entire home/apt,208,2.0,65,60
10204,Airbnb Room 204,Entire home/apt,1900,1.0,25,66
10205,Airbnb Room 205,Entire home/apt,284,1.0,70,337
10206,Airbnb Room 206,Entire home/apt,254,5.0,2,225
10207,Airbnb Room 207,Entire home/apt,188,2.0,41,75
10208,Airbnb Room 208,Private room,164,7.0,11,79
10209,Airbnb Room 209,Entire home/apt,202,1.0,37,167
10210,Airbnb Room 210,Entire home/apt,313,1.0,33,275
10211,Airbnb Room 211,Private room,107,3.0,24,316
10212,Airbnb Room 212,Entire home/apt,204,3.0,50,166
10213,Airbnb Room 213,Private room,151,2.0,0,38
10214,Airbnb Room 214,Private room,80,1.0,15,350
10215,Airbnb Room 215,Entire home/apt,203,3.0,48,307
10216,Airbnb Room 216,Entire home/apt,207,2.0,34,128
10217,Airbnb Room 217,Private room,91,3.0,24,30
10218,Airbnb Room 218,Entire home/apt,182,1.0,26,287
10219,Airbnb Room 219,Entire home/apt,218,3.0,26,164
10220,Airbnb Room 220,Private room,125,1.0,19,310
10221,Airbnb Room 221,Private room,138,3.0,26,141
10222,Airbnb Room 222,Entire home/apt,263,1.0,69,256
10223,Airbnb Room 223,Entire home/apt,234,1.0,40,296
10224,Airbnb Room 224,Private room,140,1.0,79,95
10225,Airbnb Room 225,Entire home/apt,229,1.0,10,72
10226,Airbnb Room 226,Entire home/apt,230,2.0,77,28
10227,Airbnb Room 227,Private room,147,30.0,62,333
10228,Airbnb Room 228,Entire home/apt,224,3.0,80,120
10229,Airbnb Room 229,Private room,117,1.0,15,138
10230,Airbnb Room 230,Entire home/apt,210,7.0,27,43
10231,Airbnb Room 231,Entire home/apt,183,3.0,20,90
10232,Airbnb Room 232,Entire home/apt,270,1.0,93,202
10233,Airbnb Room 233,Entire home/apt,228,2.0,60,164
10234,Airbnb Room 234,Entire home/apt,238,30.0,27,124
10235,Airbnb Room 235,Private room,188,1.0,18,273
10236,Airbnb Room 236,Entire home/apt,208,3.0,51,93
10237,Airbnb Room 237,Private room,112,5.0,27,322
10238,Airbnb Room 238,Private room,82,30.0,54,202
10239,Airbnb Room 239,Entire home/apt,263,5.0,38,289
10240,Airbnb Room 240,Shared room,172,3.0,24,255
10241,Airbnb Room 241,Private room,157,1.0,8,309
10242,Airbnb Room 242,Entire home/apt,222,1.0,42,201
10243,Airbnb Room 243,Entire home/apt,240,1.0,44,270
10244,Airbnb Room 244,Private room,135,2.0,46,103
10245,Airbnb Room 245,Entire home/apt,178,1.0,44,287
10246,Airbnb Room 246,Entire home/apt,232,,4,103
10247,Airbnb Room 247,Private room,74,3.0,6,98
10248,Airbnb Room 248,Shared room,52,1.0,64,302
10249,Airbnb Room 249,Private room,75,30.0,44,331
10250,Airbnb Room 250,Entire home/apt,211,7.0,49,26
10251,Airbnb Room 251,Entire home/apt,186,3.0,14,165
10252,Airbnb Room 252,Private room,95,3.0,10,219
10253,Airbnb Room 253,Shared room,197,1.0,17,329
10254,Airbnb Room 254,Entire home/apt,285,7.0,27,216
10255,Airbnb Room 255,Entire home/apt,203,1.0,32,13
10256,Airbnb Room 256,Private room,113,5.0,31,99
10257,Airbnb Room 257,Shared room,51,1.0,14,242
10258,Airbnb Room 258,Private room,345,1.0,89,73
10259,Airbnb Room 259,Private room,123,1.0,32,274
10260,Airbnb Room 260,Private room,200,3.0,4,285
10261,Airbnb Room 261,Entire home/apt,282,3.0,19,202
10262,Airbnb Room 262,Private room,129,5.0,39,59
10263,Airbnb Room 263,Entire home/apt,383,2.0,103,322
10264,Airbnb Room 264,Private room,87,3.0,78,138
10265,Airbnb Room 265,Entire home/apt,1152,1.0,7,174
10266,Airbnb Room 266,Private room,120,1.0,53,132
10267,Airbnb Room 267,Entire home/apt,207,1.0,128,187
10268,Airbnb Room 268,Entire home/apt,237,1.0,68,115
10269,Airbnb Room 269,Entire home/apt,374,7.0,56,40
10270,Airbnb Room 270,Entire home/apt,405,1.0,6,227
10271,Airbnb Room 271,Private room,113,3.0,55,141
10272,Airbnb Room 272,Private room,330,7.0,21,170
10273,Airbnb Room 273,Entire home/apt,228,3.0,31,127
10274,Airbnb Room 274,Private room,131,3.0,47,43
10275,Airbnb Room 275,Shared room,202,30.0,39,10
10276,Airbnb Room 276,Entire home/apt,212,2.0,8,24
10277,Airbnb Room 277,Entire home/apt,228,2.0,57,298
10278,Airbnb Room 278,Shared room,48,1.0,49,84
10279,Airbnb Room 279,Private room,116,1.0,96,6
10280,Airbnb Room 280,Entire home/apt,206,1.0,66,326
10281,Airbnb Room 281,Private room,119,3.0,10,94
10282,Airbnb Room 282,Entire home/apt,142,1.0,65,56
10283,Airbnb Room 283,Entire home/apt,309,30.0,39,276
10284,Airbnb Room 284,Entire home/apt,223,3.0,45,216
10285,Airbnb Room 285,Private room,86,3.0,51,243
10286,Airbnb Room 286,Entire home/apt,203,1.0,40,263
10287,Airbnb Room 287,Entire home/apt,203,1.0,46,152
10288,Airbnb Room 288,Entire home/apt,163,3.0,45,188
10289,Airbnb Room 289,Entire home/apt,208,1.0,20,21
10290,Airbnb Room 290,Entire home/apt,273,1.0,52,125
10291,Airbnb Room 291,Private room,152,1.0,48,312
10292,Airbnb Room 292,Entire home/apt,209,3.0,15,47
10293,Airbnb Room 293,Entire home/apt,286,1.0,16,294
10294,Airbnb Room 294,Private room,54,1.0,19,188
10295,Airbnb Room 295,Private room,122,7.0,30,154
10296,Airbnb Room 296,Entire home/apt,243,7.0,36,213
10297,Airbnb Room 297,Entire home/apt,376,1.0,14,3
10298,Airbnb Room 298,Entire home/apt,279,1.0,69,151
10299,Airbnb Room 299,Entire home/apt,242,1.0,27,205
10300,Airbnb Room 300,Entire home/apt,233,3.0,44,100
10301,Airbnb Room 301,Private room,85,,45,100
10302,Airbnb Room 302,Private room,168,1.0,40,188
10303,Airbnb Room 303,Private room,584,1.0,10,120
10304,Airbnb Room 304,Private room,100,3.0,179,48
10305,Airbnb Room 305,Private room,175,1.0,25,338
10306,Airbnb Room 306,Entire home/apt,369,2.0,27,305
10307,Airbnb Room 307,Entire home/apt,247,3.0,16,238
10308,Airbnb Room 308,Entire home/apt,235,30.0,20,124
10309,Airbnb Room 309,Entire home/apt,197,30.0,3,168
10310,Airbnb Room 310,Private room,169,2.0,37,324
10311,Airbnb Room 311,Private room,115,2.0,24,136
10312,Airbnb Room 312,Private room,144,5.0,63,266
10313,Airbnb Room 313,Shared room,43,2.0,21,241
10314,Airbnb Room 314,Private room,145,2.0,11,87
10315,Airbnb Room 315,Private room,84,5.0,15,78
10316,Airbnb Room 316,Private room,96,2.0,3,336
10317,Airbnb Room 317,Entire home/apt,198,7.0,29,50
10318,Airbnb Room 318,Private room,104,7.0,22,107
10319,Airbnb Room 319,Private room,142,5.0,29,195
10320,Airbnb Room 320,Private room,106,7.0,29,20
10321,Airbnb Room 321,Entire home/apt,179,1.0,76,314
10322,Airbnb Room 322,Private room,178,7.0,2,179
10323,Airbnb Room 323,Entire home/apt,200,5.0,36,81
10324,Airbnb Room 324,Entire home/apt,182,1.0,9,311
10325,Airbnb Room 325,Entire home/apt,196,2.0,20,16
10326,Airbnb Room 326,Private room,126,7.0,51,116
10327,Airbnb Room 327,Entire home/apt,251,3.0,47,346
10328,Airbnb Room 328,Private room,86,2.0,13,196
10329,Airbnb Room 329,Entire home/apt,247,5.0,13,206
10330,Airbnb Room 330,Entire home/apt,247,30.0,51,337
10331,Airbnb Room 331,Entire home/apt,218,5.0,6,158
10332,Airbnb Room 332,Private room,716,1.0,62,124
10333,Airbnb Room 333,Private room,45,30.0,29,300
10334,Airbnb Room 334,Entire home/apt,241,2.0,38,253
10335,Airbnb Room 335,Entire home/apt,175,1.0,33,135
10336,Airbnb Room 336,Entire home/apt,189,1.0,23,298
10337,Airbnb Room 337,Entire home/apt,200,2.0,23,93
10338,Airbnb Room 338,Entire home/apt,198,3.0,50,330
10339,Airbnb Room 339,Entire home/apt,232,2.0,20,313
10340,Airbnb Room 340,Entire home/apt,201,1.0,31,99
10341,Airbnb Room 341,Private room,305,5.0,33,40
10342,Airbnb Room 342,Entire home/apt,161,30.0,6,155
10343,Airbnb Room 343,Entire home/apt,182,2.0,9,9
10344,Airbnb Room 344,Entire home/apt,168,1.0,16,252
10345,Airbnb Room 345,Private room,127,5.0,13,66
10346,Airbnb Room 346,Entire home/apt,252,1.0,47,0
10347,Airbnb Room 347,Private room,133,3.0,25,164
10348,Airbnb Room 348,Entire home/apt,429,1.0,91,204
10349,Airbnb Room 349,Entire home/apt,190,3.0,28,57
10350,Airbnb Room 350,Private room,99,1.0,2,229
10351,Airbnb Room 351,Shared room,82,3.0,33,341
10352,Airbnb Room 352,Private room,118,3.0,3,52
10353,Airbnb Room 353,Private room,172,3.0,33,356
10354,Airbnb Room 354,Private room,114,2.0,123,316
10355,Airbnb Room 355,Entire home/apt,187,2.0,42,357
10356,Airbnb Room 356,Private room,109,1.0,21,186
10357,Airbnb Room 357,Entire home/apt,234,2.0,22,287
10358,Airbnb Room 358,Private room,83,1.0,28,304
10359,Airbnb Room 359,Entire home/apt,254,1.0,30,236
10360,Airbnb Room 360,Entire home/apt,243,2.0,43,113
10361,Airbnb Room 361,Entire home/apt,225,1.0,27,46
10362,Airbnb Room 362,Entire home/apt,207,2.0,47,103
10363,Airbnb Room 363,Entire home/apt,195,1.0,21,162
10364,Airbnb Room 364,Entire home/apt,203,2.0,89,134
10365,Airbnb Room 365,Entire home/apt,271,3.0,46,68
10366,Airbnb Room 366,Entire home/apt,246,1.0,77,170
10367,Airbnb Room 367,Private room,125,3.0,9,301
10368,Airbnb Room 368,Private room,99,1.0,14,141
10369,Airbnb Room 369,Entire home/apt,227,1.0,2,350
10370,Airbnb Room 370,Entire home/apt,242,5.0,47,240
10371,Airbnb Room 371,Entire home/apt,195,2.0,35,112
10372,Airbnb Room 372,Entire home/apt,204,2.0,59,6
10373,Airbnb Room 373,Entire home/apt,217,3.0,21,221
10374,Airbnb Room 374,Private room,233,2.0,7,326
10375,Airbnb Room 375,Shared room,55,1.0,49,271
10376,Airbnb Room 376,Private room,80,3.0,27,256
10377,Airbnb Room 377,Shared room,29,5.0,25,1
10378,Airbnb Room 378,Private room,126,1.0,101,116
10379,Airbnb Room 379,Entire home/apt,227,2.0,4,317
10380,Airbnb Room 380,Entire home/apt,190,3.0,55,73
10381,Airbnb Room 381,Private room,152,3.0,36,74
10382,Airbnb Room 382,Entire home/apt,187,2.0,28,270
10383,Airbnb Room 383,Entire home/apt,248,1.0,10,214
10384,Airbnb Room 384,Shared room,89,1.0,30,40
10385,Airbnb Room 385,Private room,115,1.0,4,57
10386,Airbnb Room 386,Entire home/apt,203,5.0,42,59
10387,Airbnb Room 387,Private room,99,1.0,33,363
10388,Airbnb Room 388,Private room,117,1.0,45,307
10389,Airbnb Room 389,Private room,103,1.0,70,100
10390,Airbnb Room 390,Entire home/apt,206,5.0,16,73
10391,Airbnb Room 391,Private room,247,2.0,42,308
10392,Airbnb Room 392,Entire home/apt,324,1.0,81,201
10393,Airbnb Room 393,Entire home/apt,264,3.0,11,22
10394,Airbnb Room 394,Entire home/apt,195,3.0,14,180
10395,Airbnb Room 395,Private room,119,3.0,76,282
10396,Airbnb Room 396,Private room,138,5.0,116,327
10397,Airbnb Room 397,Entire home/apt,202,5.0,24,42
10398,Airbnb Room 398,Shared room,73,5.0,38,194
10399,Airbnb Room 399,Entire home/apt,246,2.0,89,10
10400,Airbnb Room 400,Private room,100,2.0,13,246
10401,Airbnb Room 401,Private room,98,5.0,48,30
10402,Airbnb Room 402,Entire home/apt,195,1.0,11,41
10403,Airbnb Room 403,Private room,73,2.0,74,35
10404,Airbnb Room 404,Private room,106,30.0,130,242
10405,Airbnb Room 405,Entire home/apt,221,1.0,61,182
10406,Airbnb Room 406,Shared room,30,1.0,120,204
10407,Airbnb Room 407,Entire home/apt,200,2.0,78,13
10408,Airbnb Room 408,Private room,67,1.0,5,58
10409,Airbnb Room 409,Private room,94,3.0,17,276
10410,Airbnb Room 410,Entire home/apt,179,1.0,55,88
10411,Airbnb Room 411,Private room,155,3.0,77,304
10412,Airbnb Room 412,Entire home/apt,330,2.0,62,240
10413,Airbnb Room 413,Entire home/apt,229,3.0,27,62
10414,Airbnb Room 414,Private room,75,2.0,23,220
10415,Airbnb Room 415,Entire home/apt,215,5.0,24,0
10416,Airbnb Room 416,Private room,121,2.0,20,347
10417,Airbnb Room 417,Entire home/apt,226,1.0,45,96
10418,Airbnb Room 418,Entire home/apt,212,3.0,65,357
10419,Airbnb Room 419,Private room,62,3.0,114,200
10420,Airbnb Room 420,Entire home/apt,317,3.0,49,302
10421,Airbnb Room 421,Private room,109,2.0,32,164
10422,Airbnb Room 422,Entire home/apt,309,1.0,8,65
10423,Airbnb Room 423,Private room,164,5.0,28,353
10424,Airbnb Room 424,Private room,652,1.0,8,10
10425,Airbnb Room 425,Entire home/apt,277,30.0,26,207
10426,Airbnb Room 426,Private room,68,1.0,39,250
10427,Airbnb Room 427,Entire home/apt,189,1.0,15,252
10428,Airbnb Room 428,Entire home/apt,191,1.0,9,48
10429,Airbnb Room 429,Private room,107,7.0,29,143
10430,Airbnb Room 430,Private room,118,1.0,155,285
10431,Airbnb Room 431,Private room,95,3.0,15,363
10432,Airbnb Room 432,Entire home/apt,232,1.0,18,110
10433,Airbnb Room 433,Private room,104,1.0,20,105
10434,Airbnb Room 434,Private room,101,1.0,27,340
10435,Airbnb Room 435,Private room,95,3.0,19,72
10436,Airbnb Room 436,Entire home/apt,239,3.0,24,314
10437,Airbnb Room 437,Entire home/apt,220,1.0,79,36
10438,Airbnb Room 438,Shared room,68,7.0,4,78
10439,Airbnb Room 439,Private room,119,1.0,18,164
10440,Airbnb Room 440,Entire home/apt,231,1.0,2,101
10441,Airbnb Room 441,Entire home/apt,186,1.0,2,213
10442,Airbnb Room 442,Entire home/apt,196,1.0,61,103
10443,Airbnb Room 443,Entire home/apt,326,3.0,10,85
10444,Airbnb Room 444,Private room,267,1.0,52,86
10445,Airbnb Room 445,Entire home/apt,194,3.0,45,292
10446,Airbnb Room 446,Entire home/apt,250,5.0,40,294
10447,Airbnb Room 447,Private room,154,2.0,32,20
10448,Airbnb Room 448,Entire home/apt,265,2.0,14,147
10449,Airbnb Room 449,Entire home/apt,217,1.0,48,125
10450,Airbnb Room 450,Entire home/apt,284,2.0,18,115
10451,Airbnb Room 451,Private room,71,3.0,22,233
10452,Airbnb Room 452,Private room,115,2.0,15,179
10453,Airbnb Room 453,Private room,175,1.0,23,22
10454,Airbnb Room 454,Private room,113,3.0,26,276
10455,Airbnb Room 455,Entire home/apt,186,1.0,52,31
10456,Airbnb Room 456,Entire home/apt,315,1.0,27,41
10457,Airbnb Room 457,Entire home/apt,213,5.0,32,291
10458,Airbnb Room 458,Entire home/apt,244,2.0,28,256
10459,Airbnb Room 459,Entire home/apt,241,3.0,44,213
10460,Airbnb Room 460,Entire home/apt,195,3.0,50,9
10461,Airbnb Room 461,Private room,84,2.0,47,309
10462,Airbnb Room 462,Private room,86,1.0,65,59
10463,Airbnb Room 463,Entire home/apt,252,2.0,18,159
10464,Airbnb Room 464,Private room,117,2.0,82,288
10465,Airbnb Room 465,Entire home/apt,186,1.0,24,257
10466,Airbnb Room 466,Private room,163,1.0,28,334
10467,Airbnb Room 467,Entire home/apt,242,3.0,122,267
10468,Airbnb Room 468,Entire home/apt,271,,14,245
10469,Airbnb Room 469,Entire home/apt,216,1.0,82,336
10470,Airbnb Room 470,Entire home/apt,292,3.0,15,54
10471,Airbnb Room 471,Entire home/apt,188,1.0,14,70
10472,Airbnb Room 472,Private room,86,7.0,78,126
10473,Airbnb Room 473,Entire home/apt,198,1.0,10,303
10474,Airbnb Room 474,Private room,80,1.0,13,198
10475,Airbnb Room 475,Private room,75,2.0,20,344
10476,Airbnb Room 476,Private room,132,1.0,24,229
10477,Airbnb Room 477,Private room,111,3.0,73,65
10478,Airbnb Room 478,Entire home/apt,194,1.0,82,59
10479,Airbnb Room 479,Entire home/apt,242,2.0,112,64
10480,Airbnb Room 480,Shared room,39,3.0,35,321
10481,Airbnb Room 481,Private room,108,5.0,23,131
10482,Airbnb Room 482,Private room,97,1.0,52,230
10483,Airbnb Room 483,Private room,78,1.0,23,158
10484,Airbnb Room 484,Entire home/apt,190,1.0,34,224
10485,Airbnb Room 485,Private room,105,1.0,37,357
10486,Airbnb Room 486,Shared room,75,1.0,80,207
10487,Airbnb Room 487,Private room,91,1.0,21,12
10488,Airbnb Room 488,Entire home/apt,237,5.0,17,56
10489,Airbnb Room 489,Entire home/apt,186,1.0,80,62
10490,Airbnb Room 490,Entire home/apt,199,5.0,27,16
10491,Airbnb Room 491,Private room,134,3.0,36,124
10492,Airbnb Room 492,Private room,97,1.0,25,213
10493,Airbnb Room 493,Private room,215,1.0,17,276
10494,Airbnb Room 494,Entire home/apt,182,5.0,40,105
10495,Airbnb Room 495,Private room,129,1.0,43,159
10496,Airbnb Room 496,Private room,67,1.0,26,147
10497,Airbnb Room 497,Entire home/apt,180,3.0,16,284
10498,Airbnb Room 498,Shared room,154,3.0,24,148
10499,Airbnb Room 499,Entire home/apt,239,5.0,67,183
10500,Airbnb Room 500,Private room,160,2.0,16,125
10501,Airbnb Room 501,Private room,90,7.0,103,222
10502,Airbnb Room 502,Entire home/apt,211,3.0,67,24
10503,Airbnb Room 503,Shared room,146,2.0,78,170
10504,Airbnb Room 504,Entire home/apt,172,1.0,19,306
10505,Airbnb Room 505,Entire home/apt,242,2.0,8,182
10506,Airbnb Room 506,Private room,85,1.0,55,22
10507,Airbnb Room 507,Entire home/apt,247,2.0,95,359
10508,Airbnb Room 508,Entire home/apt,225,7.0,26,178
10509,Airbnb Room 509,Entire home/apt,252,3.0,58,37
10510,Airbnb Room 510,Entire home/apt,343,3.0,61,137
10511,Airbnb Room 511,Entire home/apt,1152,3.0,16,220
10512,Airbnb Room 512,Entire home/apt,290,7.0,21,31
10513,Airbnb Room 513,Entire home/apt,208,2.0,25,345
10514,Airbnb Room 514,Private room,68,1.0,50,350
10515,Airbnb Room 515,Entire home/apt,217,3.0,8,253
10516,Airbnb Room 516,Entire home/apt,190,1.0,30,58
10517,Airbnb Room 517,Entire home/apt,234,7.0,22,20
10518,Airbnb Room 518,Entire home/apt,238,2.0,53,304
10519,Airbnb Room 519,Entire home/apt,166,2.0,32,342
10520,Airbnb Room 520,Private room,156,2.0,38,157
10521,Airbnb Room 521,Entire home/apt,214,2.0,8,189
10522,Airbnb Room 522,Private room,72,2.0,75,89
10523,Airbnb Room 523,Entire home/apt,229,3.0,5,122
10524,Airbnb Room 524,Entire home/apt,211,2.0,37,69
10525,Airbnb Room 525,Entire home/apt,190,5.0,61,270
10526,Airbnb Room 526,Entire home/apt,281,1.0,14,212
10527,Airbnb Room 527,Private room,115,3.0,17,359
10528,Airbnb Room 528,Private room,173,1.0,26,59
10529,Airbnb Room 529,Entire home/apt,296,5.0,50,142
10530,Airbnb Room 530,Private room,202,1.0,18,357
10531,Airbnb Room 531,Shared room,58,3.0,30,27
10532,Airbnb Room 532,Private room,98,5.0,18,233
10533,Airbnb Room 533,Entire home/apt,195,2.0,78,63
10534,Airbnb Room 534,Private room,83,1.0,30,23
10535,Airbnb Room 535,Entire home/apt,236,2.0,55,13
10536,Airbnb Room 536,Entire home/apt,192,2.0,8,55
10537,Airbnb Room 537,Entire home/apt,317,3.0,8,93
10538,Airbnb Room 538,Entire home/apt,198,2.0,17,276
10539,Airbnb Room 539,Shared room,34,1.0,36,346
10540,Airbnb Room 540,Entire home/apt,200,1.0,26,6
10541,Airbnb Room 541,Entire home/apt,236,2.0,3,72
10542,Airbnb Room 542,Entire home/apt,236,2.0,20,220
10543,Airbnb Room 543,Entire home/apt,220,1.0,37,80
10544,Airbnb Room 544,Entire home/apt,184,5.0,49,104
10545,Airbnb Room 545,Entire home/apt,213,3.0,59,287
10546,Airbnb Room 546,Entire home/apt,229,1.0,4,224
10547,Airbnb Room 547,Entire home/apt,230,2.0,8,41
10548,Airbnb Room 548,Entire home/apt,256,3.0,47,217
10549,Airbnb Room 549,Entire home/apt,202,5.0,33,104
10550,Airbnb Room 550,Entire home/apt,232,1.0,41,202
10551,Airbnb Room 551,Entire home/apt,184,5.0,32,271
10552,Airbnb Room 552,Entire home/apt,224,3.0,34,109
10553,Airbnb Room 553,Entire home/apt,251,3.0,45,302
10554,Airbnb Room 554,Private room,180,3.0,16,58
10555,Airbnb Room 555,Entire home/apt,217,3.0,32,228
10556,Airbnb Room 556,Private room,195,1.0,25,297
10557,Airbnb Room 557,Entire home/apt,209,1.0,11,337
10558,Airbnb Room 558,Entire home/apt,206,3.0,3,99
10559,Airbnb Room 559,Entire home/apt,405,5.0,61,180
10560,Airbnb Room 560,Entire home/apt,214,3.0,27,121
10561,Airbnb Room 561,Shared room,283,1.0,35,147
10562,Airbnb Room 562,Entire home/apt,221,,35,306
10563,Airbnb Room 563,Entire home/apt,339,3.0,35,168
10564,Airbnb Room 564,Private room,85,1.0,75,23
10565,Airbnb Room 565,Entire home/apt,214,1.0,20,20
10566,Airbnb Room 566,Private room,114,1.0,41,29
10567,Airbnb Room 567,Private room,88,7.0,33,227
10568,Airbnb Room 568,Entire home/apt,248,2.0,46,130
10569,Airbnb Room 569,Shared room,95,1.0,79,250
10570,Airbnb Room 570,Entire home/apt,254,2.0,19,280
10571,Airbnb Room 571,Private room,265,1.0,17,75
10572,Airbnb Room 572,Entire home/apt,200,3.0,29,263
10573,Airbnb Room 573,Entire home/apt,280,3.0,139,278
10574,Airbnb Room 574,Private room,164,3.0,69,228
10575,Airbnb Room 575,Entire home/apt,273,5.0,56,203
10576,Airbnb Room 576,Entire home/apt,217,7.0,13,307
10577,Airbnb Room 577,Entire home/apt,219,1.0,5,88
10578,Airbnb Room 578,Private room,100,1.0,34,272
10579,Airbnb Room 579,Entire home/apt,229,1.0,60,274
10580,Airbnb Room 580,Private room,117,5.0,32,119
10581,Airbnb Room 581,Private room,104,1.0,32,285
10582,Airbnb Room 582,Private room,103,1.0,12,241
10583,Airbnb Room 583,Entire home/apt,178,3.0,7,193
10584,Airbnb Room 584,Entire home/apt,428,2.0,89,171
10585,Airbnb Room 585,Entire home/apt,184,1.0,45,296
10586,Airbnb Room 586,Entire home/apt,206,7.0,35,143
10587,Airbnb Room 587,Entire home/apt,166,7.0,54,174
10588,Airbnb Room 588,Private room,266,1.0,31,23
10589,Airbnb Room 589,Private room,86,3.0,34,356
10590,Airbnb Room 590,Private room,119,2.0,6,83
10591,Airbnb Room 591,Private room,139,3.0,19,351
10592,Airbnb Room 592,Shared room,136,7.0,14,60
10593,Airbnb Room 593,Shared room,89,5.0,6,134
10594,Airbnb Room 594,Private room,56,2.0,56,256
10595,Airbnb Room 595,Entire home/apt,232,3.0,17,79
10596,Airbnb Room 596,Entire home/apt,182,1.0,120,315
10597,Airbnb Room 597,Entire home/apt,231,3.0,78,150
10598,Airbnb Room 598,Entire home/apt,195,5.0,34,166
10599,Airbnb Room 599,Private room,143,5.0,37,49
10600,Airbnb Room 600,Private room,102,2.0,33,313
10601,Airbnb Room 601,Entire home/apt,252,2.0,10,357
10602,Airbnb Room 602,Entire home/apt,294,1.0,47,73
10603,Airbnb Room 603,Entire home/apt,169,1.0,19,67
10604,Airbnb Room 604,Private room,111,1.0,44,160
10605,Airbnb Room 605,Entire home/apt,246,1.0,32,194
10606,Airbnb Room 606,Private room,164,2.0,16,72
10607,Airbnb Room 607,Entire home/apt,1040,1.0,45,167
10608,Airbnb Room 608,Private room,138,1.0,62,159
10609,Airbnb Room 609,Private room,120,3.0,55,114
10610,Airbnb Room 610,Private room,85,7.0,18,8
10611,Airbnb Room 611,Entire home/apt,271,3.0,63,307
10612,Airbnb Room 612,Entire home/apt,236,1.0,82,144
10613,Airbnb Room 613,Entire home/apt,208,1.0,57,64
10614,Airbnb Room 614,Entire home/apt,220,1.0,83,242
10615,Airbnb Room 615,Entire home/apt,327,2.0,12,53
10616,Airbnb Room 616,Private room,65,3.0,46,335
10617,Airbnb Room 617,Entire home/apt,240,2.0,62,58
10618,Airbnb Room 618,Entire home/apt,220,1.0,11,281
10619,Airbnb Room 619,Entire home/apt,187,1.0,25,123
10620,Airbnb Room 620,Entire home/apt,170,,87,206
10621,Airbnb Room 621,Entire home/apt,207,2.0,27,165
10622,Airbnb Room 622,Entire home/apt,201,1.0,23,172
10623,Airbnb Room 623,Entire home/apt,335,3.0,7,184
10624,Airbnb Room 624,Entire home/apt,156,3.0,14,163
10625,Airbnb Room 625,Private room,98,2.0,27,114
10626,Airbnb Room 626,Entire home/apt,182,2.0,63,211
10627,Airbnb Room 627,Entire home/apt,234,1.0,12,92
10628,Airbnb Room 628,Private room,135,5.0,92,193
10629,Airbnb Room 629,Entire home/apt,180,3.0,72,317
10630,Airbnb Room 630,Shared room,237,1.0,30,199
10631,Airbnb Room 631,Private room,100,1.0,5,103
10632,Airbnb Room 632,Shared room,50,1.0,39,363
10633,Airbnb Room 633,Entire home/apt,185,1.0,29,290
10634,Airbnb Room 634,Private room,70,2.0,8,175
10635,Airbnb Room 635,Entire home/apt,242,1.0,24,295
10636,Airbnb Room 636,Shared room,290,3.0,24,91
10637,Airbnb Room 637,Private room,108,1.0,20,302
10638,Airbnb Room 638,Entire home/apt,230,2.0,102,16
10639,Airbnb Room 639,Private room,125,3.0,55,101
10640,Airbnb Room 640,Entire home/apt,206,5.0,21,154
10641,Airbnb Room 641,Entire home/apt,222,5.0,41,287
10642,Airbnb Room 642,Entire home/apt,195,1.0,36,119
10643,Airbnb Room 643,Entire home/apt,249,1.0,28,158
10644,Airbnb Room 644,Private room,111,,7,173
10645,Airbnb Room 645,Shared room,29,5.0,9,62
10646,Airbnb Room 646,Entire home/apt,215,1.0,25,261
10647,Airbnb Room 647,Private room,96,1.0,30,275
10648,Airbnb Room 648,Private room,167,2.0,40,174
10649,Airbnb Room 649,Private room,99,1.0,58,102
10650,Airbnb Room 650,Entire home/apt,366,1.0,52,224
10651,Airbnb Room 651,Private room,96,5.0,49,63
10652,Airbnb Room 652,Private room,93,3.0,31,71
10653,Airbnb Room 653,Entire home/apt,191,2.0,36,23
10654,Airbnb Room 654,Entire home/apt,276,3.0,12,43
10655,Airbnb Room 655,Entire home/apt,196,3.0,17,131
10656,Airbnb Room 656,Private room,93,3.0,26,363
10657,Airbnb Room 657,Entire home/apt,262,1.0,4,221
10658,Airbnb Room 658,Entire home/apt,211,5.0,11,72
10659,Airbnb Room 659,Private room,326,1.0,18,179
10660,Airbnb Room 660,Entire home/apt,257,2.0,16,0
10661,Airbnb Room 661,Entire home/apt,219,1.0,26,184
10662,Airbnb Room 662,Shared room,155,30.0,15,170
10663,Airbnb Room 663,Entire home/apt,221,1.0,75,103
10664,Airbnb Room 664,Entire home/apt,518,2.0,20,140
10665,Airbnb Room 665,Private room,125,7.0,31,216
10666,Airbnb Room 666,Private room,195,1.0,55,37
10667,Airbnb Room 667,Private room,73,1.0,12,304
10668,Airbnb Room 668,Shared room,109,1.0,46,6
10669,Airbnb Room 669,Entire home/apt,170,5.0,0,262
10670,Airbnb Room 670,Private room,79,2.0,24,27
10671,Airbnb Room 671,Private room,137,3.0,37,165
10672,Airbnb Room 672,Shared room,71,,52,76
10673,Airbnb Room 673,Entire home/apt,232,2.0,23,158
10674,Airbnb Room 674,Private room,154,3.0,36,302
10675,Airbnb Room 675,Entire home/apt,229,1.0,86,204
10676,Airbnb Room 676,Entire home/apt,243,30.0,27,62
10677,Airbnb Room 677,Entire home/apt,195,3.0,35,162
10678,Airbnb Room 678,Shared room,54,3.0,64,58
10679,Airbnb Room 679,Entire home/apt,224,1.0,20,33
10680,Airbnb Room 680,Entire home/apt,259,3.0,12,294
10681,Airbnb Room 681,Entire home/apt,203,3.0,13,212
10682,Airbnb Room 682,Entire home/apt,339,2.0,7,30
10683,Airbnb Room 683,Private room,107,1.0,18,68
10684,Airbnb Room 684,Entire home/apt,245,1.0,72,33
10685,Airbnb Room 685,Entire home/apt,251,3.0,13,251
10686,Airbnb Room 686,Entire home/apt,187,3.0,63,97
10687,Airbnb Room 687,Private room,142,2.0,18,349
10688,Airbnb Room 688,Entire home/apt,308,2.0,14,104
10689,Airbnb Room 689,Private room,181,7.0,32,232
10690,Airbnb Room 690,Private room,132,30.0,33,170
10691,Airbnb Room 691,Private room,110,1.0,47,309
10692,Airbnb Room 692,Entire home/apt,228,1.0,56,299
10693,Airbnb Room 693,Entire home/apt,287,2.0,15,91
10694,Airbnb Room 694,Private room,168,3.0,119,226
10695,Airbnb Room 695,Entire home/apt,204,1.0,82,346
10696,Airbnb Room 696,Private room,169,1.0,17,238
10697,Airbnb Room 697,Private room,67,3.0,21,26
10698,Airbnb Room 698,Entire home/apt,207,1.0,8,202
10699,Airbnb Room 699,Entire home/apt,196,1.0,19,265
10700,Airbnb Room 700,Private room,84,30.0,18,290
10701,Airbnb Room 701,Entire home/apt,304,2.0,13,291
10702,Airbnb Room 702,Entire home/apt,214,3.0,60,89
10703,Airbnb Room 703,Entire home/apt,449,3.0,30,333
10704,Airbnb Room 704,Entire home/apt,413,7.0,90,278
10705,Airbnb Room 705,Entire home/apt,956,1.0,36,3
10706,Airbnb Room 706,Entire home/apt,176,2.0,25,103
10707,Airbnb Room 707,Entire home/apt,196,3.0,42,268
10708,Airbnb Room 708,Private room,127,3.0,16,117
10709,Airbnb Room 709,Entire home/apt,233,1.0,45,334
10710,Airbnb Room 710,Private room,122,2.0,27,106
10711,Airbnb Room 711,Private room,144,5.0,42,46
10712,Airbnb Room 712,Private room,158,1.0,80,150
10713,Airbnb Room 713,Private room,361,3.0,83,332
10714,Airbnb Room 714,Entire home/apt,209,5.0,26,222
10715,Airbnb Room 715,Entire home/apt,185,3.0,47,321
10716,Airbnb Room 716,Entire home/apt,223,2.0,73,288
10717,Airbnb Room 717,Private room,118,3.0,54,163
10718,Airbnb Room 718,Entire home/apt,173,2.0,8,355
10719,Airbnb Room 719,Private room,113,3.0,29,144
10720,Airbnb Room 720,Private room,148,7.0,11,142
10721,Airbnb Room 721,Entire home/apt,250,2.0,39,170
10722,Airbnb Room 722,Entire home/apt,207,2.0,48,331
10723,Airbnb Room 723,Entire home/apt,249,3.0,97,249
10724,Airbnb Room 724,Entire home/apt,233,30.0,6,183
10725,Airbnb Room 725,Private room,121,2.0,48,137
10726,Airbnb Room 726,Entire home/apt,251,2.0,64,259
10727,Airbnb Room 727,Private room,150,3.0,8,216
10728,Airbnb Room 728,Entire home/apt,200,3.0,80,237
10729,Airbnb Room 729,Entire home/apt,220,3.0,23,273
10730,Airbnb Room 730,Entire home/apt,250,1.0,57,183
10731,Airbnb Room 731,Private room,81,1.0,16,39
10732,Airbnb Room 732,Private room,141,2.0,27,202
10733,Airbnb Room 733,Private room,105,1.0,11,128
10734,Airbnb Room 734,Entire home/apt,232,2.0,46,35
10735,Airbnb Room 735,Entire home/apt,189,2.0,9,324
10736,Airbnb Room 736,Entire home/apt,198,1.0,8,37
10737,Airbnb Room 737,Entire home/apt,183,1.0,21,168
10738,Airbnb Room 738,Private room,105,1.0,52,15
10739,Airbnb Room 739,Private room,91,3.0,5,219
10740,Airbnb Room 740,Entire home/apt,207,7.0,65,216
10741,Airbnb Room 741,Entire home/apt,255,1.0,71,265
10742,Airbnb Room 742,Entire home/apt,298,1.0,30,319
10743,Airbnb Room 743,Private room,133,1.0,27,176
10744,Airbnb Room 744,Private room,103,2.0,40,324
10745,Airbnb Room 745,Entire home/apt,169,1.0,55,110
10746,Airbnb Room 746,Entire home/apt,173,5.0,52,128
10747,Airbnb Room 747,Entire home/apt,215,30.0,88,292
10748,Airbnb Room 748,Private room,304,7.0,17,284
10749,Airbnb Room 749,Entire home/apt,207,3.0,38,331
10750,Airbnb Room 750,Private room,125,2.0,31,31
10751,Airbnb Room 751,Entire home/apt,239,1.0,59,117
10752,Airbnb Room 752,Private room,188,1.0,56,121
10753,Airbnb Room 753,Entire home/apt,190,2.0,47,187
10754,Airbnb Room 754,Private room,91,2.0,78,18
10755,Airbnb Room 755,Entire home/apt,229,1.0,3,113
10756,Airbnb Room 756,Shared room,63,3.0,29,2
10757,Airbnb Room 757,Entire home/apt,196,,56,89
10758,Airbnb Room 758,Entire home/apt,169,1.0,8,203
10759,Airbnb Room 759,Entire home/apt,297,5.0,117,361
10760,Airbnb Room 760,Private room,106,2.0,72,281
10761,Airbnb Room 761,Entire home/apt,234,2.0,11,23
10762,Airbnb Room 762,Entire home/apt,203,1.0,35,236
10763,Airbnb Room 763,Entire home/apt,209,7.0,28,261
10764,Airbnb Room 764,Private room,183,1.0,92,352
10765,Airbnb Room 765,Entire home/apt,253,1.0,97,254
10766,Airbnb Room 766,Private room,126,1.0,24,183
10767,Airbnb Room 767,Entire home/apt,235,5.0,6,54
10768,Airbnb Room 768,Private room,113,1.0,58,302
10769,Airbnb Room 769,Entire home/apt,202,2.0,36,351
10770,Airbnb Room 770,Private room,203,1.0,50,333
10771,Airbnb Room 771,Entire home/apt,215,3.0,57,29
10772,Airbnb Room 772,Entire home/apt,245,2.0,38,247
10773,Airbnb Room 773,Entire home/apt,240,1.0,9,155
10774,Airbnb Room 774,Private room,88,3.0,67,182
10775,Airbnb Room 775,Entire home/apt,312,1.0,72,27
10776,Airbnb Room 776,Entire home/apt,241,1.0,27,300
10777,Airbnb Room 777,Entire home/apt,327,3.0,27,351
10778,Airbnb Room 778,Entire home/apt,253,1.0,27,190
10779,Airbnb Room 779,Shared room,49,1.0,21,173
10780,Airbnb Room 780,Entire home/apt,207,3.0,73,301
10781,Airbnb Room 781,Entire home/apt,181,2.0,6,342
10782,Airbnb Room 782,Entire home/apt,179,3.0,104,322
10783,Airbnb Room 783,Entire home/apt,200,1.0,55,281
10784,Airbnb Room 784,Entire home/apt,173,1.0,91,180
10785,Airbnb Room 785,Private room,76,2.0,43,156
10786,Airbnb Room 786,Private room,127,7.0,25,317
10787,Airbnb Room 787,Shared room,102,2.0,28,243
10788,Airbnb Room 788,Entire home/apt,304,3.0,19,149
10789,Airbnb Room 789,Private room,75,1.0,51,338
10790,Airbnb Room 790,Entire home/apt,165,1.0,86,302
10791,Airbnb Room 791,Shared room,43,1.0,16,223
10792,Airbnb Room 792,Entire home/apt,206,1.0,3,289
10793,Airbnb Room 793,Private room,133,3.0,55,311
10794,Airbnb Room 794,Entire home/apt,252,5.0,30,290
10795,Airbnb Room 795,Shared room,61,3.0,56,179
10796,Airbnb Room 796,Private room,103,1.0,15,279
10797,Airbnb Room 797,Entire home/apt,222,1.0,9,323
10798,Airbnb Room 798,Private room,136,1.0,30,122
10799,Airbnb Room 799,Private room,82,1.0,11,173
10800,Airbnb Room 800,Entire home/apt,216,2.0,3,332
10801,Airbnb Room 801,Private room,153,2.0,21,27
10802,Airbnb Room 802,Entire home/apt,227,1.0,28,272
10803,Airbnb Room 803,Entire home/apt,194,1.0,42,345
10804,Airbnb Room 804,Entire home/apt,271,2.0,33,191
10805,Airbnb Room 805,Entire home/apt,185,1.0,17,2
10806,Airbnb Room 806,Private room,149,3.0,58,30
10807,Airbnb Room 807,Entire home/apt,193,3.0,43,71
10808,Airbnb Room 808,Entire home/apt,220,5.0,30,319
10809,Airbnb Room 809,Entire home/apt,204,1.0,43,35
10810,Airbnb Room 810,Entire home/apt,258,7.0,52,223
10811,Airbnb Room 811,Private room,189,2.0,128,79
10812,Airbnb Room 812,Entire home/apt,171,2.0,45,191
10813,Airbnb Room 813,Entire home/apt,227,1.0,77,332
10814,Airbnb Room 814,Entire home/apt,174,2.0,39,102
10815,Airbnb Room 815,Entire home/apt,226,30.0,14,254
10816,Airbnb Room 816,Entire home/apt,240,3.0,19,1
10817,Airbnb Room 817,Private room,93,3.0,45,334
10818,Airbnb Room 818,Entire home/apt,276,1.0,38,185
10819,Airbnb Room 819,Private room,69,1.0,6,206
10820,Airbnb Room 820,Entire home/apt,282,2.0,32,22
10821,Airbnb Room 821,Private room,115,3.0,53,270
10822,Airbnb Room 822,Shared room,104,1.0,34,350
10823,Airbnb Room 823,Private room,193,2.0,29,82
10824,Airbnb Room 824,Private room,67,2.0,12,118
10825,Airbnb Room 825,Private room,135,1.0,35,326
10826,Airbnb Room 826,Shared room,106,3.0,95,162
10827,Airbnb Room 827,Entire home/apt,204,1.0,14,221
10828,Airbnb Room 828,Entire home/apt,206,1.0,39,363
10829,Airbnb Room 829,Entire home/apt,199,2.0,26,190
10830,Airbnb Room 830,Entire home/apt,215,2.0,34,195
10831,Airbnb Room 831,Entire home/apt,177,30.0,12,125
10832,Airbnb Room 832,Private room,232,2.0,19,150
10833,Airbnb Room 833,Entire home/apt,180,3.0,107,355
10834,Airbnb Room 834,Entire home/apt,245,2.0,25,176
10835,Airbnb Room 835,Entire home/apt,252,3.0,21,128
10836,Airbnb Room 836,Entire home/apt,193,1.0,74,362
10837,Airbnb Room 837,Entire home/apt,245,1.0,23,158
10838,Airbnb Room 838,Private room,170,1.0,25,301
10839,Airbnb Room 839,Private room,97,3.0,20,276
10840,Airbnb Room 840,Entire home/apt,182,7.0,67,178
10841,Airbnb Room 841,Entire home/apt,394,2.0,28,0
10842,Airbnb Room 842,Entire home/apt,207,1.0,30,230
10843,Airbnb Room 843,Private room,163,2.0,114,171
10844,Airbnb Room 844,Entire home/apt,207,1.0,16,39
10845,Airbnb Room 845,Shared room,128,30.0,21,8
10846,Airbnb Room 846,Entire home/apt,211,3.0,20,50
10847,Airbnb Room 847,Entire home/apt,236,5.0,61,218
10848,Airbnb Room 848,Private room,123,1.0,50,284
10849,Airbnb Room 849,Entire home/apt,178,1.0,125,334
10850,Airbnb Room 850,Entire home/apt,408,1.0,10,121
10851,Airbnb Room 851,Private room,78,1.0,25,78
10852,Airbnb Room 852,Entire home/apt,285,7.0,53,104
10853,Airbnb Room 853,Private room,89,1.0,5,112
10854,Airbnb Room 854,Private room,74,1.0,25,257
10855,Airbnb Room 855,Private room,104,3.0,77,277
10856,Airbnb Room 856,Entire home/apt,273,1.0,21,50
10857,Airbnb Room 857,Entire home/apt,379,30.0,23,152
10858,Airbnb Room 858,Entire home/apt,235,5.0,67,73
10859,Airbnb Room 859,Entire home/apt,233,1.0,31,234
10860,Airbnb Room 860,Entire home/apt,224,2.0,29,220
10861,Airbnb Room 861,Entire home/apt,263,1.0,68,150
10862,Airbnb Room 862,Entire home/apt,220,2.0,27,11
10863,Airbnb Room 863,Entire home/apt,213,7.0,55,20
10864,Airbnb Room 864,Private room,139,3.0,1,256
10865,Airbnb Room 865,Entire home/apt,216,2.0,51,207
10866,Airbnb Room 866,Entire home/apt,225,3.0,12,246
10867,Airbnb Room 867,Entire home/apt,284,1.0,20,298
10868,Airbnb Room 868,Private room,86,1.0,37,303
10869,Airbnb Room 869,Entire home/apt,331,1.0,46,93
10870,Airbnb Room 870,Entire home/apt,988,1.0,32,363
10871,Airbnb Room 871,Private room,91,3.0,24,346
10872,Airbnb Room 872,Entire home/apt,247,5.0,14,262
10873,Airbnb Room 873,Entire home/apt,198,1.0,75,168
10874,Airbnb Room 874,Private room,352,2.0,70,276
10875,Airbnb Room 875,Entire home/apt,294,5.0,24,123
10876,Airbnb Room 876,Private room,127,1.0,26,31
10877,Airbnb Room 877,Private room,108,1.0,104,146
10878,Airbnb Room 878,Entire home/apt,250,5.0,20,281
10879,Airbnb Room 879,Private room,305,1.0,26,349
10880,Airbnb Room 880,Entire home/apt,228,7.0,6,239
10881,Airbnb Room 881,Private room,76,3.0,69,260
10882,Airbnb Room 882,Private room,157,1.0,15,74
10883,Airbnb Room 883,Entire home/apt,296,1.0,1,225
10884,Airbnb Room 884,Private room,94,2.0,48,165
10885,Airbnb Room 885,Entire home/apt,303,2.0,36,181
10886,Airbnb Room 886,Private room,94,3.0,12,77
10887,Airbnb Room 887,Private room,120,1.0,11,258
10888,Airbnb Room 888,Private room,82,1.0,45,74
10889,Airbnb Room 889,Private room,92,3.0,6,357
10890,Airbnb Room 890,Entire home/apt,270,1.0,21,216
10891,Airbnb Room 891,Private room,78,1.0,86,114
10892,Airbnb Room 892,Entire home/apt,192,1.0,18,318
10893,Airbnb Room 893,Entire home/apt,253,2.0,80,209
10894,Airbnb Room 894,Private room,136,2.0,35,219
10895,Airbnb Room 895,Entire home/apt,211,1.0,55,327
10896,Airbnb Room 896,Private room,91,1.0,105,157
10897,Airbnb Room 897,Entire home/apt,179,2.0,142,236
10898,Airbnb Room 898,Private room,125,7.0,50,88
10899,Airbnb Room 899,Entire home/apt,205,30.0,54,105
10900,Airbnb Room 900,Private room,86,2.0,24,0
10901,Airbnb Room 901,Entire home/apt,178,3.0,14,148
10902,Airbnb Room 902,Private room,334,2.0,103,99
10903,Airbnb Room 903,Private room,102,2.0,27,195
10904,Airbnb Room 904,Private room,215,3.0,26,49
10905,Airbnb Room 905,Private room,112,1.0,126,231
10906,Airbnb Room 906,Private room,94,30.0,8,223
10907,Airbnb Room 907,Private room,46,1.0,26,259
10908,Airbnb Room 908,Entire home/apt,191,1.0,50,348
10909,Airbnb Room 909,Private room,59,5.0,19,189
10910,Airbnb Room 910,Private room,97,1.0,101,256
10911,Airbnb Room 911,Private room,211,1.0,43,84
10912,Airbnb Room 912,Entire home/apt,224,3.0,35,241
10913,Airbnb Room 913,Private room,99,1.0,9,47
10914,Airbnb Room 914,Private room,116,3.0,12,143
10915,Airbnb Room 915,Shared room,62,3.0,33,106
10916,Airbnb Room 916,Entire home/apt,205,3.0,29,59
10917,Airbnb Room 917,Private room,135,2.0,16,72
10918,Airbnb Room 918,Shared room,122,7.0,26,315
10919,Airbnb Room 919,Shared room,31,3.0,27,160
10920,Airbnb Room 920,Private room,82,2.0,16,335
10921,Airbnb Room 921,Private room,130,1.0,8,5
10922,Airbnb Room 922,Private room,111,1.0,5,29
10923,Airbnb Room 923,Entire home/apt,167,2.0,54,34
10924,Airbnb Room 924,Entire home/apt,317,1.0,42,261
10925,Airbnb Room 925,Entire home/apt,235,1.0,6,17
10926,Airbnb Room 926,Entire home/apt,184,1.0,5,348
10927,Airbnb Room 927,Entire home/apt,244,3.0,42,67
10928,Airbnb Room 928,Private room,129,2.0,74,244
10929,Airbnb Room 929,Entire home/apt,180,5.0,17,217
10930,Airbnb Room 930,Shared room,67,3.0,45,297
10931,Airbnb Room 931,Entire home/apt,257,1.0,15,285
10932,Airbnb Room 932,Private room,110,7.0,49,279
10933,Airbnb Room 933,Private room,146,5.0,32,67
10934,Airbnb Room 934,Entire home/apt,190,1.0,74,229
10935,Airbnb Room 935,Entire home/apt,227,1.0,103,17
10936,Airbnb Room 936,Entire home/apt,325,2.0,56,121
10937,Airbnb Room 937,Private room,74,1.0,63,258
10938,Airbnb Room 938,Entire home/apt,212,5.0,50,308
10939,Airbnb Room 939,Entire home/apt,214,1.0,46,167
10940,Airbnb Room 940,Entire home/apt,161,1.0,8,41
10941,Airbnb Room 941,Entire home/apt,202,1.0,74,320
10942,Airbnb Room 942,Private room,118,3.0,20,182
10943,Airbnb Room 943,Entire home/apt,247,2.0,27,120
10944,Airbnb Room 944,Entire home/apt,191,7.0,15,139
10945,Airbnb Room 945,Private room,401,5.0,48,41
10946,Airbnb Room 946,Private room,116,1.0,6,219
10947,Airbnb Room 947,Entire home/apt,180,1.0,26,24
10948,Airbnb Room 948,Private room,131,1.0,37,304
10949,Airbnb Room 949,Entire home/apt,198,1.0,20,278
10950,Airbnb Room 950,Entire home/apt,195,3.0,15,58
10951,Airbnb Room 951,Entire home/apt,203,30.0,44,358
10952,Airbnb Room 952,Entire home/apt,211,3.0,36,115
10953,Airbnb Room 953,Entire home/apt,205,1.0,13,27
10954,Airbnb Room 954,Shared room,43,3.0,14,169
10955,Airbnb Room 955,Entire home/apt,194,3.0,35,170
10956,Airbnb Room 956,Private room,128,2.0,61,57
10957,Airbnb Room 957,Private room,135,1.0,48,361
10958,Airbnb Room 958,Entire home/apt,253,1.0,40,6
10959,Airbnb Room 959,Entire home/apt,239,1.0,23,137
10960,Airbnb Room 960,Private room,137,1.0,16,222
10961,Airbnb Room 961,Entire home/apt,216,3.0,38,68
10962,Airbnb Room 962,Entire home/apt,287,2.0,46,204
10963,Airbnb Room 963,Entire home/apt,219,2.0,15,169
10964,Airbnb Room 964,Entire home/apt,196,3.0,39,345
10965,Airbnb Room 965,Shared room,40,2.0,22,87
10966,Airbnb Room 966,Shared room,70,1.0,37,239
10967,Airbnb Room 967,Private room,113,1.0,21,186
10968,Airbnb Room 968,Entire home/apt,319,1.0,17,255
10969,Airbnb Room 969,Entire home/apt,214,1.0,61,268
10970,Airbnb Room 970,Private room,82,2.0,39,250
10971,Airbnb Room 971,Entire home/apt,293,3.0,21,85
10972,Airbnb Room 972,Entire home/apt,254,1.0,50,149
10973,Airbnb Room 973,Entire home/apt,171,3.0,47,64
10974,Airbnb Room 974,Entire home/apt,194,1.0,36,275
10975,Airbnb Room 975,Entire home/apt,198,3.0,54,352
10976,Airbnb Room 976,Entire home/apt,200,1.0,15,127
10977,Airbnb Room 977,Entire home/apt,182,7.0,35,221
10978,Airbnb Room 978,Entire home/apt,177,5.0,45,129
10979,Airbnb Room 979,Entire home/apt,199,5.0,29,348
10980,Airbnb Room 980,Entire home/apt,184,30.0,14,126
10981,Airbnb Room 981,Entire home/apt,280,3.0,45,301
10982,Airbnb Room 982,Entire home/apt,204,1.0,56,58
10983,Airbnb Room 983,Entire home/apt,275,5.0,68,127
10984,Airbnb Room 984,Private room,130,30.0,11,254
10985,Airbnb Room 985,Entire home/apt,202,5.0,49,280
10986,Airbnb Room 986,Entire home/apt,180,1.0,8,363
10987,Airbnb Room 987,Entire home/apt,212,3.0,60,302
10988,Airbnb Room 988,Entire home/apt,158,1.0,82,63
10989,Airbnb Room 989,Private room,193,1.0,51,94
10990,Airbnb Room 990,Entire home/apt,187,3.0,21,46
10991,Airbnb Room 991,Private room,67,2.0,26,300
10992,Airbnb Room 992,Entire home/apt,269,1.0,33,299
10993,Airbnb Room 993,Private room,163,3.0,51,320
10994,Airbnb Room 994,Private room,182,1.0,14,277
10995,Airbnb Room 995,Entire home/apt,190,1.0,55,353
10996,Airbnb Room 996,Private room,134,30.0,50,298
10997,Airbnb Room 997,Private room,118,1.0,10,336
10998,Airbnb Room 998,Entire home/apt,175,2.0,70,159
10999,Airbnb Room 999,Private room,85,3.0,33,138
11000,Airbnb Room 1000,Private room,114,1.0,32,39
