Name,Type_1,HP,Attack,Defense,Speed,Legendary
Pokemon_1,Electric,76,129,60,110,False
Pokemon_2,Normal,56,117,117,84,False
Pokemon_3,Fire,82,71,69,69,False
Pokemon_4,Fire,85,89,74,59,False
Pokemon_5,Grass,106,132,91,133,True
Pokemon_6,Water,88,64,56,92,False
Pokemon_7,Psychic,79,75,50,89,False
Pokemon_8,Grass,86,120,63,97,False
Pokemon_9,Electric,94,76,68,132,False
Pokemon_10,Grass,70,88,81,55,False
Pokemon_11,Electric,59,66,79,90,False
Pokemon_12,Electric,64,77,76,61,False
Pokemon_13,Electric,100,67,73,106,False
Pokemon_14,Water,83,67,118,61,False
Pokemon_15,Fire,58,106,90,62,False
Pokemon_16,Water,88,66,74,98,False
Pokemon_17,Normal,85,72,69,77,False
Pokemon_18,Water,84,125,93,135,True
Pokemon_19,Fire,76,67,62,114,False
Pokemon_20,Psychic,101,10,77,59,False
Pokemon_21,Psychic,85,130,105,100,False
Pokemon_22,Psychic,75,92,61,66,False
Pokemon_23,Fire,138,133,121,151,True
Pokemon_24,Grass,96,46,45,60,False
Pokemon_25,Grass,74,114,91,114,False
Pokemon_26,Electric,100,72,76,118,False
Pokemon_27,Electric,53,99,60,127,False
Pokemon_28,Electric,63,85,86,127,False
Pokemon_29,Water,92,97,71,47,False
Pokemon_30,Electric,41,66,60,98,False
Pokemon_31,Normal,52,50,56,112,False
Pokemon_32,Psychic,73,128,46,104,False
Pokemon_33,Normal,71,82,87,71,False
Pokemon_34,Normal,88,21,100,81,False
Pokemon_35,Grass,107,138,46,81,False
Pokemon_36,Grass,103,91,75,97,False
Pokemon_37,Grass,68,106,49,74,False
Pokemon_38,Electric,47,94,24,63,False
Pokemon_39,Psychic,48,63,68,80,False
Pokemon_40,Psychic,41,10,67,76,False
Pokemon_41,Water,71,32,111,104,False
Pokemon_42,Electric,63,69,83,86,False
Pokemon_43,Electric,82,64,85,121,False
Pokemon_44,Grass,80,167,79,82,False
Pokemon_45,Grass,72,85,53,39,False
Pokemon_46,Grass,44,70,74,88,False
Pokemon_47,Psychic,97,47,96,22,False
Pokemon_48,Normal,67,41,62,94,False
Pokemon_49,Fire,77,121,88,59,False
Pokemon_50,Water,75,84,126,75,False
Pokemon_51,Psychic,92,98,66,90,False
Pokemon_52,Water,79,50,107,77,False
Pokemon_53,Electric,53,36,47,114,False
Pokemon_54,Electric,60,112,76,122,False
Pokemon_55,Fire,57,86,93,16,False
Pokemon_56,Normal,60,77,80,100,False
Pokemon_57,Normal,84,37,79,71,False
Pokemon_58,Water,54,93,52,48,False
Pokemon_59,Electric,64,52,77,89,False
Pokemon_60,Grass,80,62,48,95,False
Pokemon_61,Grass,66,109,49,68,False
Pokemon_62,Water,50,52,83,55,False
Pokemon_63,Water,65,42,121,35,False
Pokemon_64,Electric,85,68,83,139,False
Pokemon_65,Normal,56,78,63,105,False
Pokemon_66,Psychic,105,89,92,73,False
Pokemon_67,Normal,78,49,75,89,False
Pokemon_68,Normal,108,63,58,83,False
Pokemon_69,Psychic,67,69,36,112,False
Pokemon_70,Grass,80,93,31,65,False
Pokemon_71,Fire,70,133,54,83,False
Pokemon_72,Fire,74,63,93,88,False
Pokemon_73,Water,78,113,97,49,False
Pokemon_74,Water,83,56,96,52,False
Pokemon_75,Psychic,127,150,90,112,True
Pokemon_76,Fire,88,146,69,61,False
Pokemon_77,Water,70,128,77,120,False
Pokemon_78,Grass,34,109,85,96,False
Pokemon_79,Normal,54,44,78,71,False
Pokemon_80,Fire,91,113,71,83,False
Pokemon_81,Normal,107,71,87,57,False
Pokemon_82,Psychic,68,71,75,57,False
Pokemon_83,Grass,75,103,76,53,False
Pokemon_84,Electric,81,68,55,107,False
Pokemon_85,Psychic,89,79,88,53,False
Pokemon_86,Grass,81,90,123,101,False
Pokemon_87,Water,84,90,84,82,False
Pokemon_88,Grass,87,81,70,43,False
Pokemon_89,Electric,86,88,68,67,False
Pokemon_90,Electric,51,76,103,94,False
Pokemon_91,Water,44,58,47,93,False
Pokemon_92,Fire,151,155,98,117,True
Pokemon_93,Normal,37,13,49,49,False
Pokemon_94,Normal,68,85,57,60,False
Pokemon_95,Normal,87,116,106,141,True
Pokemon_96,Fire,90,98,84,63,False
Pokemon_97,Electric,38,130,69,101,False
Pokemon_98,Grass,60,99,105,80,False
Pokemon_99,Grass,95,102,64,96,False
Pokemon_100,Psychic,72,85,75,93,False
Pokemon_101,Water,102,86,51,76,False
Pokemon_102,Grass,94,130,79,123,False
Pokemon_103,Electric,92,88,139,140,True
Pokemon_104,Psychic,72,80,92,79,False
Pokemon_105,Electric,49,94,75,111,False
Pokemon_106,Psychic,88,52,64,65,False
Pokemon_107,Normal,63,47,92,59,False
Pokemon_108,Normal,116,83,118,53,False
Pokemon_109,Grass,44,112,86,87,False
Pokemon_110,Normal,85,93,71,95,False
Pokemon_111,Electric,116,69,86,121,False
Pokemon_112,Psychic,80,83,74,77,False
Pokemon_113,Water,90,89,108,91,False
Pokemon_114,Psychic,88,79,95,56,False
Pokemon_115,Normal,59,118,73,109,False
Pokemon_116,Grass,83,81,90,56,False
Pokemon_117,Fire,74,143,28,72,False
Pokemon_118,Fire,60,51,68,132,False
Pokemon_119,Normal,60,86,78,77,False
Pokemon_120,Electric,62,56,62,138,False
Pokemon_121,Electric,58,84,88,93,False
Pokemon_122,Fire,81,83,73,94,False
Pokemon_123,Grass,90,98,120,45,False
Pokemon_124,Water,78,61,60,65,False
Pokemon_125,Normal,70,98,94,87,False
Pokemon_126,Grass,80,75,62,93,False
Pokemon_127,Normal,101,114,64,119,True
Pokemon_128,Normal,86,86,10,62,False
Pokemon_129,Normal,98,29,68,40,False
Pokemon_130,Electric,94,105,99,173,True
Pokemon_131,Psychic,56,69,72,78,False
Pokemon_132,Fire,43,105,82,71,False
Pokemon_133,Electric,40,56,80,98,False
Pokemon_134,Electric,68,133,137,107,False
Pokemon_135,Psychic,136,59,67,52,False
Pokemon_136,Water,63,57,83,58,False
Pokemon_137,Grass,62,64,75,46,False
Pokemon_138,Normal,114,84,97,80,True
Pokemon_139,Electric,51,55,101,96,False
Pokemon_140,Grass,63,65,92,118,False
Pokemon_141,Electric,61,110,61,83,False
Pokemon_142,Grass,68,90,57,77,False
Pokemon_143,Water,85,110,91,62,False
Pokemon_144,Normal,94,82,110,72,False
Pokemon_145,Electric,64,67,78,99,False
Pokemon_146,Grass,64,52,54,100,False
Pokemon_147,Water,47,110,89,69,False
Pokemon_148,Fire,70,110,90,82,False
Pokemon_149,Water,58,62,101,63,False
Pokemon_150,Normal,93,54,71,53,False
Pokemon_151,Grass,88,106,34,61,False
Pokemon_152,Fire,113,82,44,82,False
Pokemon_153,Fire,87,48,64,109,False
Pokemon_154,Normal,95,78,56,90,False
Pokemon_155,Fire,106,143,86,45,False
Pokemon_156,Psychic,65,136,48,95,False
Pokemon_157,Fire,92,91,48,91,False
Pokemon_158,Electric,99,94,45,107,False
Pokemon_159,Electric,132,153,118,126,True
Pokemon_160,Water,61,67,73,56,False
Pokemon_161,Normal,89,70,116,98,False
Pokemon_162,Normal,60,72,55,74,False
Pokemon_163,Normal,85,84,76,104,False
Pokemon_164,Grass,68,77,46,43,False
Pokemon_165,Water,111,139,152,115,True
Pokemon_166,Normal,99,94,75,96,False
Pokemon_167,Electric,70,49,97,127,False
Pokemon_168,Water,90,80,96,113,False
Pokemon_169,Psychic,86,45,34,63,False
Pokemon_170,Electric,59,75,117,90,False
Pokemon_171,Fire,68,93,76,99,False
Pokemon_172,Water,77,95,80,33,False
Pokemon_173,Normal,92,125,90,106,False
Pokemon_174,Water,82,112,86,103,False
Pokemon_175,Psychic,61,49,82,47,False
Pokemon_176,Grass,88,124,71,87,False
Pokemon_177,Fire,134,112,81,60,False
Pokemon_178,Fire,91,79,81,97,False
Pokemon_179,Fire,81,60,49,68,False
Pokemon_180,Grass,73,73,69,75,False
Pokemon_181,Normal,84,64,147,106,False
Pokemon_182,Grass,87,31,104,55,False
Pokemon_183,Water,68,63,95,81,False
Pokemon_184,Grass,101,89,41,98,False
Pokemon_185,Fire,61,105,92,58,False
Pokemon_186,Electric,74,64,81,103,False
Pokemon_187,Fire,93,81,87,94,False
Pokemon_188,Fire,76,114,78,79,False
Pokemon_189,Electric,43,73,63,66,False
Pokemon_190,Psychic,78,127,97,64,False
Pokemon_191,Normal,70,91,74,53,False
Pokemon_192,Fire,46,80,51,112,False
Pokemon_193,Grass,82,28,110,94,False
Pokemon_194,Fire,110,106,164,121,True
Pokemon_195,Electric,50,112,106,87,False
Pokemon_196,Grass,53,87,44,43,False
Pokemon_197,Water,60,58,83,84,False
Pokemon_198,Psychic,124,122,115,107,True
Pokemon_199,Electric,72,110,61,110,False
Pokemon_200,Grass,59,78,75,83,False
Pokemon_201,Water,83,73,49,69,False
Pokemon_202,Psychic,46,49,59,88,False
Pokemon_203,Electric,90,86,64,140,False
Pokemon_204,Normal,73,75,77,123,False
Pokemon_205,Electric,68,19,46,130,False
Pokemon_206,Psychic,34,126,69,99,False
Pokemon_207,Grass,55,93,91,65,False
Pokemon_208,Electric,73,93,84,141,False
Pokemon_209,Psychic,57,97,74,87,False
Pokemon_210,Water,85,108,32,117,False
Pokemon_211,Water,76,79,103,78,False
Pokemon_212,Normal,42,51,93,72,False
Pokemon_213,Psychic,49,111,60,63,False
Pokemon_214,Water,102,71,93,99,False
Pokemon_215,Fire,49,71,46,108,False
Pokemon_216,Electric,97,79,34,87,False
Pokemon_217,Grass,96,96,79,79,False
Pokemon_218,Psychic,79,92,90,75,False
Pokemon_219,Water,83,85,95,71,False
Pokemon_220,Grass,85,96,109,88,False
Pokemon_221,Psychic,106,82,82,63,False
Pokemon_222,Water,76,90,106,68,False
Pokemon_223,Psychic,54,43,66,74,False
Pokemon_224,Psychic,47,83,71,81,False
Pokemon_225,Water,95,38,80,75,False
Pokemon_226,Fire,98,56,96,88,False
Pokemon_227,Normal,107,88,68,62,False
Pokemon_228,Water,99,73,81,96,False
Pokemon_229,Water,73,111,56,122,False
Pokemon_230,Normal,103,61,89,93,False
Pokemon_231,Fire,97,69,46,105,False
Pokemon_232,Electric,88,102,91,121,False
Pokemon_233,Fire,118,140,26,102,False
Pokemon_234,Grass,96,87,41,34,False
Pokemon_235,Psychic,105,84,68,31,False
Pokemon_236,Psychic,35,147,108,115,False
Pokemon_237,Fire,47,102,58,105,False
Pokemon_238,Electric,79,47,92,95,False
Pokemon_239,Grass,116,84,61,140,True
Pokemon_240,Water,91,90,98,55,False
Pokemon_241,Fire,68,97,95,70,False
Pokemon_242,Fire,89,74,55,68,False
Pokemon_243,Water,88,25,19,64,False
Pokemon_244,Water,66,51,94,64,False
Pokemon_245,Normal,94,167,49,97,False
Pokemon_246,Psychic,71,93,43,86,False
Pokemon_247,Psychic,51,71,82,111,False
Pokemon_248,Electric,77,110,54,112,False
Pokemon_249,Normal,36,75,97,109,False
Pokemon_250,Fire,76,88,43,68,False
Pokemon_251,Fire,99,48,77,101,False
Pokemon_252,Water,49,94,86,85,False
Pokemon_253,Water,74,70,66,49,False
Pokemon_254,Grass,109,52,106,86,False
Pokemon_255,Water,100,84,110,93,False
Pokemon_256,Psychic,36,104,85,66,False
Pokemon_257,Grass,62,88,75,75,False
Pokemon_258,Normal,82,75,89,92,False
Pokemon_259,Fire,99,75,36,56,False
Pokemon_260,Water,78,55,79,49,False
Pokemon_261,Normal,93,99,26,74,False
Pokemon_262,Grass,88,59,57,69,False
Pokemon_263,Normal,106,81,109,70,False
Pokemon_264,Water,85,104,90,42,False
Pokemon_265,Fire,89,93,79,52,False
Pokemon_266,Psychic,71,79,95,93,False
Pokemon_267,Fire,70,110,105,107,False
Pokemon_268,Water,113,67,115,96,True
Pokemon_269,Water,104,58,78,74,False
Pokemon_270,Normal,63,107,129,82,False
Pokemon_271,Fire,51,145,72,107,False
Pokemon_272,Fire,102,86,78,74,False
Pokemon_273,Electric,51,97,42,114,False
Pokemon_274,Normal,61,63,63,71,False
Pokemon_275,Fire,73,99,103,73,False
Pokemon_276,Fire,125,112,114,74,False
Pokemon_277,Normal,76,59,103,60,False
Pokemon_278,Fire,131,167,132,104,True
Pokemon_279,Electric,87,101,54,108,False
Pokemon_280,Grass,79,80,73,71,False
Pokemon_281,Fire,116,53,89,73,False
Pokemon_282,Water,33,77,133,56,False
Pokemon_283,Water,59,82,40,74,False
Pokemon_284,Normal,48,95,90,82,False
Pokemon_285,Fire,49,96,80,65,False
Pokemon_286,Fire,62,93,66,94,False
Pokemon_287,Psychic,64,39,39,107,False
Pokemon_288,Grass,77,85,66,100,False
Pokemon_289,Water,33,80,82,53,False
Pokemon_290,Psychic,64,22,98,80,False
Pokemon_291,Fire,90,55,110,43,False
Pokemon_292,Electric,49,35,43,89,False
Pokemon_293,Electric,54,35,78,105,False
Pokemon_294,Psychic,61,99,100,62,False
Pokemon_295,Electric,89,85,89,73,False
Pokemon_296,Electric,98,110,129,151,True
Pokemon_297,Water,79,115,93,111,False
Pokemon_298,Electric,84,56,76,130,False
Pokemon_299,Electric,61,85,87,88,False
Pokemon_300,Water,101,74,83,64,False
Pokemon_301,Grass,119,131,120,73,True
Pokemon_302,Psychic,57,125,52,91,False
Pokemon_303,Psychic,79,77,49,25,False
Pokemon_304,Normal,71,108,95,128,False
Pokemon_305,Grass,147,83,140,115,True
Pokemon_306,Grass,102,72,71,61,False
Pokemon_307,Electric,121,31,80,80,False
Pokemon_308,Psychic,86,35,96,102,False
Pokemon_309,Water,128,163,117,113,True
Pokemon_310,Normal,100,89,67,70,False
Pokemon_311,Fire,71,133,62,77,False
Pokemon_312,Normal,93,115,36,85,False
Pokemon_313,Water,79,79,67,77,False
Pokemon_314,Water,43,119,73,51,False
Pokemon_315,Water,104,95,68,82,False
Pokemon_316,Normal,77,108,80,91,False
Pokemon_317,Electric,88,183,107,137,True
Pokemon_318,Fire,92,122,49,100,False
Pokemon_319,Grass,66,98,26,48,False
Pokemon_320,Fire,76,104,29,90,False
Pokemon_321,Water,56,53,114,75,False
Pokemon_322,Fire,67,121,120,83,False
Pokemon_323,Water,121,105,118,117,True
Pokemon_324,Normal,80,102,38,100,False
Pokemon_325,Electric,97,60,78,83,False
Pokemon_326,Normal,83,52,49,66,False
Pokemon_327,Electric,70,92,44,122,False
Pokemon_328,Normal,78,68,76,65,False
Pokemon_329,Grass,58,92,96,80,False
Pokemon_330,Water,75,112,52,96,False
Pokemon_331,Normal,142,155,89,132,True
Pokemon_332,Water,80,52,56,57,False
Pokemon_333,Psychic,117,146,145,130,True
Pokemon_334,Electric,63,102,66,85,False
Pokemon_335,Water,53,72,55,97,False
Pokemon_336,Fire,66,122,77,47,False
Pokemon_337,Fire,111,133,94,123,True
Pokemon_338,Electric,71,90,74,118,False
Pokemon_339,Normal,100,63,58,52,False
Pokemon_340,Fire,140,121,102,126,True
Pokemon_341,Fire,56,71,69,97,False
Pokemon_342,Fire,83,112,49,94,False
Pokemon_343,Electric,84,78,35,56,False
Pokemon_344,Electric,66,51,62,125,False
Pokemon_345,Grass,99,103,81,43,False
Pokemon_346,Electric,69,52,94,116,False
Pokemon_347,Psychic,46,82,63,97,False
Pokemon_348,Electric,90,12,89,92,False
Pokemon_349,Fire,79,74,77,75,False
Pokemon_350,Normal,83,56,97,76,False
Pokemon_351,Normal,83,64,94,92,False
Pokemon_352,Grass,93,80,71,71,False
Pokemon_353,Electric,87,80,58,123,False
Pokemon_354,Fire,74,67,59,89,False
Pokemon_355,Psychic,60,104,83,92,False
Pokemon_356,Fire,79,69,51,76,False
Pokemon_357,Psychic,62,62,89,67,False
Pokemon_358,Psychic,74,108,83,68,False
Pokemon_359,Water,64,102,99,64,False
Pokemon_360,Water,82,59,93,120,False
Pokemon_361,Normal,34,110,69,86,False
Pokemon_362,Psychic,55,90,38,96,False
Pokemon_363,Grass,82,72,69,84,False
Pokemon_364,Normal,60,88,104,64,False
Pokemon_365,Normal,81,95,53,106,False
Pokemon_366,Grass,77,49,83,104,False
Pokemon_367,Electric,77,67,71,91,False
Pokemon_368,Fire,73,87,94,97,False
Pokemon_369,Fire,85,87,87,126,False
Pokemon_370,Normal,113,79,125,82,False
Pokemon_371,Normal,53,82,82,85,False
Pokemon_372,Fire,64,68,110,126,False
Pokemon_373,Electric,51,112,84,134,False
Pokemon_374,Grass,71,37,82,59,False
Pokemon_375,Psychic,103,72,106,113,False
Pokemon_376,Fire,51,81,75,107,False
Pokemon_377,Electric,75,97,130,102,False
Pokemon_378,Normal,36,51,80,92,False
Pokemon_379,Normal,77,56,47,100,False
Pokemon_380,Psychic,136,128,123,114,True
Pokemon_381,Normal,49,78,85,57,False
Pokemon_382,Water,77,96,146,79,False
Pokemon_383,Electric,99,158,77,103,True
Pokemon_384,Normal,49,84,29,37,False
Pokemon_385,Water,69,94,84,34,False
Pokemon_386,Normal,81,130,46,66,False
Pokemon_387,Electric,75,97,68,140,False
Pokemon_388,Psychic,73,80,50,74,False
Pokemon_389,Fire,66,105,95,62,False
Pokemon_390,Water,77,71,85,68,False
Pokemon_391,Grass,79,86,61,96,False
Pokemon_392,Psychic,107,66,39,96,False
Pokemon_393,Normal,110,41,63,114,False
Pokemon_394,Psychic,123,88,97,70,False
Pokemon_395,Psychic,29,69,54,64,False
Pokemon_396,Psychic,81,89,90,109,False
Pokemon_397,Psychic,109,138,110,91,True
Pokemon_398,Grass,73,76,64,93,False
Pokemon_399,Normal,58,66,86,93,False
Pokemon_400,Normal,141,74,99,63,False
Pokemon_401,Water,97,32,111,98,False
Pokemon_402,Water,86,78,85,113,False
Pokemon_403,Psychic,83,72,50,85,False
Pokemon_404,Normal,48,37,83,92,False
Pokemon_405,Normal,102,59,68,53,False
Pokemon_406,Water,98,61,64,96,False
Pokemon_407,Normal,67,92,52,100,False
Pokemon_408,Normal,79,124,65,44,False
Pokemon_409,Normal,82,83,70,49,False
Pokemon_410,Water,91,77,73,89,False
Pokemon_411,Water,83,62,91,56,False
Pokemon_412,Electric,78,92,94,142,False
Pokemon_413,Psychic,42,68,90,115,False
Pokemon_414,Grass,81,91,67,80,False
Pokemon_415,Psychic,77,70,76,60,False
Pokemon_416,Grass,95,35,65,99,False
Pokemon_417,Fire,81,89,81,84,False
Pokemon_418,Fire,109,173,129,106,True
Pokemon_419,Normal,95,58,70,77,False
Pokemon_420,Water,84,49,69,113,False
Pokemon_421,Water,91,78,54,67,False
Pokemon_422,Fire,80,108,83,69,False
Pokemon_423,Electric,51,141,34,95,False
Pokemon_424,Water,69,85,76,82,False
Pokemon_425,Fire,74,120,63,90,False
Pokemon_426,Grass,69,144,69,96,False
Pokemon_427,Psychic,42,89,62,109,False
Pokemon_428,Water,80,74,56,53,False
Pokemon_429,Normal,89,107,77,49,False
Pokemon_430,Grass,92,127,70,58,False
Pokemon_431,Grass,85,131,58,96,False
Pokemon_432,Water,74,61,52,88,False
Pokemon_433,Water,86,74,36,40,False
Pokemon_434,Normal,102,86,80,88,False
Pokemon_435,Grass,77,92,61,49,False
Pokemon_436,Water,109,84,93,76,False
Pokemon_437,Psychic,90,60,83,90,False
Pokemon_438,Electric,55,54,54,98,False
Pokemon_439,Normal,115,100,97,140,True
Pokemon_440,Fire,75,95,94,110,False
Pokemon_441,Fire,53,62,110,51,False
Pokemon_442,Water,118,142,84,80,False
Pokemon_443,Psychic,72,56,44,113,False
Pokemon_444,Electric,98,124,69,75,False
Pokemon_445,Electric,96,49,71,86,False
Pokemon_446,Water,78,106,104,60,False
Pokemon_447,Psychic,86,60,56,74,False
Pokemon_448,Water,71,96,91,80,False
Pokemon_449,Normal,80,106,60,74,False
Pokemon_450,Electric,65,69,53,74,False
Pokemon_451,Electric,47,62,82,97,False
Pokemon_452,Electric,72,83,98,94,False
Pokemon_453,Electric,75,66,77,80,False
Pokemon_454,Normal,63,59,84,44,False
Pokemon_455,Psychic,128,95,132,120,True
Pokemon_456,Water,64,78,95,92,False
Pokemon_457,Grass,91,121,74,68,False
Pokemon_458,Psychic,80,80,81,104,False
Pokemon_459,Grass,117,101,97,61,False
Pokemon_460,Water,77,105,105,116,True
Pokemon_461,Electric,114,97,110,131,True
Pokemon_462,Normal,85,106,64,106,False
Pokemon_463,Electric,85,85,61,76,False
Pokemon_464,Psychic,93,75,101,85,False
Pokemon_465,Psychic,90,44,19,77,False
Pokemon_466,Water,63,74,95,86,False
Pokemon_467,Psychic,65,43,51,102,False
Pokemon_468,Grass,76,72,69,95,False
Pokemon_469,Electric,47,95,69,87,False
Pokemon_470,Normal,73,68,77,74,False
Pokemon_471,Psychic,83,49,113,71,False
Pokemon_472,Psychic,76,112,53,76,False
Pokemon_473,Water,43,103,57,86,False
Pokemon_474,Water,77,67,65,82,False
Pokemon_475,Psychic,55,60,84,86,False
Pokemon_476,Psychic,64,102,64,86,False
Pokemon_477,Water,82,105,68,85,False
Pokemon_478,Water,66,74,74,110,False
Pokemon_479,Fire,72,89,74,80,False
Pokemon_480,Water,83,77,69,91,False
Pokemon_481,Psychic,53,138,90,118,False
Pokemon_482,Water,119,57,118,60,False
Pokemon_483,Fire,46,74,93,92,False
Pokemon_484,Psychic,174,82,102,135,True
Pokemon_485,Psychic,55,90,93,36,False
Pokemon_486,Normal,77,56,88,47,False
Pokemon_487,Fire,76,101,65,84,False
Pokemon_488,Psychic,92,77,60,60,False
Pokemon_489,Psychic,74,84,75,66,False
Pokemon_490,Water,72,98,71,72,False
Pokemon_491,Grass,52,77,73,75,False
Pokemon_492,Water,73,104,47,89,False
Pokemon_493,Normal,132,123,153,100,True
Pokemon_494,Normal,74,70,79,77,False
Pokemon_495,Normal,83,100,58,90,False
Pokemon_496,Psychic,94,72,91,84,False
Pokemon_497,Water,75,67,84,68,False
Pokemon_498,Electric,83,58,64,68,False
Pokemon_499,Fire,54,112,39,62,False
Pokemon_500,Grass,99,76,86,45,False
Pokemon_501,Grass,90,79,104,48,False
Pokemon_502,Grass,54,97,85,77,False
Pokemon_503,Psychic,111,91,67,104,False
Pokemon_504,Normal,47,51,77,48,False
Pokemon_505,Water,42,88,59,77,False
Pokemon_506,Fire,67,66,41,75,False
Pokemon_507,Grass,93,95,76,50,False
Pokemon_508,Psychic,104,58,135,103,False
Pokemon_509,Electric,62,50,65,70,False
Pokemon_510,Grass,58,72,83,73,False
Pokemon_511,Grass,128,97,84,102,False
Pokemon_512,Grass,136,131,153,118,True
Pokemon_513,Fire,71,102,102,66,False
Pokemon_514,Normal,77,61,52,75,False
Pokemon_515,Water,147,61,68,71,False
Pokemon_516,Normal,98,65,70,74,False
Pokemon_517,Electric,70,122,93,93,False
Pokemon_518,Grass,112,85,71,70,False
Pokemon_519,Normal,67,92,87,63,False
Pokemon_520,Fire,59,93,81,67,False
Pokemon_521,Water,64,100,92,113,False
Pokemon_522,Normal,74,76,70,76,False
Pokemon_523,Electric,80,29,76,89,False
Pokemon_524,Water,123,105,128,102,True
Pokemon_525,Electric,55,72,88,122,False
Pokemon_526,Grass,115,53,70,73,False
Pokemon_527,Normal,48,96,84,84,False
Pokemon_528,Psychic,90,69,57,77,False
Pokemon_529,Electric,53,88,29,95,False
Pokemon_530,Electric,77,95,75,103,False
Pokemon_531,Psychic,89,67,86,103,False
Pokemon_532,Grass,69,87,80,93,False
Pokemon_533,Grass,80,80,103,79,False
Pokemon_534,Water,68,96,115,51,False
Pokemon_535,Fire,67,48,104,62,False
Pokemon_536,Psychic,64,127,71,66,False
Pokemon_537,Normal,90,57,65,77,False
Pokemon_538,Water,88,69,141,73,False
Pokemon_539,Grass,73,93,50,52,False
Pokemon_540,Fire,39,96,62,103,False
Pokemon_541,Normal,98,64,76,117,False
Pokemon_542,Grass,109,58,95,78,False
Pokemon_543,Electric,103,53,99,119,False
Pokemon_544,Electric,65,101,58,101,False
Pokemon_545,Water,75,62,109,49,False
Pokemon_546,Psychic,99,58,67,57,False
Pokemon_547,Electric,91,93,86,127,False
Pokemon_548,Water,80,140,83,74,False
Pokemon_549,Fire,90,64,48,93,False
Pokemon_550,Grass,96,77,82,73,False
Pokemon_551,Normal,75,54,54,86,False
Pokemon_552,Electric,99,51,39,53,False
Pokemon_553,Psychic,57,116,101,75,False
Pokemon_554,Water,104,89,82,84,False
Pokemon_555,Psychic,100,83,70,65,False
Pokemon_556,Normal,79,136,90,66,False
Pokemon_557,Psychic,98,16,59,115,False
Pokemon_558,Grass,90,123,38,83,False
Pokemon_559,Electric,96,34,53,103,False
Pokemon_560,Normal,58,89,71,27,False
Pokemon_561,Electric,69,71,51,114,False
Pokemon_562,Psychic,87,34,64,108,False
Pokemon_563,Fire,58,81,90,69,False
Pokemon_564,Fire,33,67,88,93,False
Pokemon_565,Psychic,52,59,71,77,False
Pokemon_566,Water,64,132,62,80,False
Pokemon_567,Normal,57,78,80,112,False
Pokemon_568,Water,69,101,103,69,False
Pokemon_569,Psychic,84,33,86,102,False
Pokemon_570,Normal,112,117,99,103,True
Pokemon_571,Normal,43,62,98,38,False
Pokemon_572,Normal,83,92,88,54,False
Pokemon_573,Psychic,57,38,56,60,False
Pokemon_574,Psychic,57,85,36,58,False
Pokemon_575,Fire,65,89,73,90,False
Pokemon_576,Grass,96,74,63,52,False
Pokemon_577,Normal,48,51,78,84,False
Pokemon_578,Psychic,52,94,128,119,False
Pokemon_579,Water,106,76,52,46,False
Pokemon_580,Electric,125,108,123,162,True
Pokemon_581,Water,52,77,55,80,False
Pokemon_582,Grass,132,93,101,113,True
Pokemon_583,Grass,94,69,69,97,False
Pokemon_584,Psychic,110,77,75,72,False
Pokemon_585,Normal,108,39,108,51,False
Pokemon_586,Psychic,71,80,71,77,False
Pokemon_587,Water,23,72,30,68,False
Pokemon_588,Fire,66,65,82,75,False
Pokemon_589,Grass,94,50,100,77,False
Pokemon_590,Grass,67,48,114,79,False
Pokemon_591,Grass,100,73,79,104,False
Pokemon_592,Fire,80,114,45,58,False
Pokemon_593,Normal,29,98,86,65,False
Pokemon_594,Normal,83,38,69,98,False
Pokemon_595,Normal,85,42,86,70,False
Pokemon_596,Electric,67,77,77,98,False
Pokemon_597,Normal,38,134,73,95,False
Pokemon_598,Psychic,58,79,112,76,False
Pokemon_599,Psychic,86,67,67,46,False
Pokemon_600,Electric,101,113,140,155,True
Pokemon_601,Normal,37,46,71,79,False
Pokemon_602,Normal,59,55,93,88,False
Pokemon_603,Fire,87,95,52,90,False
Pokemon_604,Water,90,71,116,17,False
Pokemon_605,Electric,73,59,62,95,False
Pokemon_606,Fire,62,65,84,59,False
Pokemon_607,Normal,50,98,82,93,False
Pokemon_608,Normal,109,80,53,86,False
Pokemon_609,Normal,88,50,87,85,False
Pokemon_610,Water,89,61,90,60,False
Pokemon_611,Fire,88,86,109,100,False
Pokemon_612,Water,84,51,92,60,False
Pokemon_613,Grass,87,60,75,80,False
Pokemon_614,Electric,109,126,124,130,True
Pokemon_615,Electric,118,78,62,109,False
Pokemon_616,Water,64,87,108,59,False
Pokemon_617,Grass,83,61,82,48,False
Pokemon_618,Electric,61,108,57,78,False
Pokemon_619,Psychic,66,70,107,43,False
Pokemon_620,Electric,67,82,83,116,False
Pokemon_621,Electric,60,48,72,82,False
Pokemon_622,Grass,127,76,116,106,False
Pokemon_623,Grass,94,98,75,78,False
Pokemon_624,Normal,85,53,85,70,False
Pokemon_625,Normal,55,35,107,79,False
Pokemon_626,Fire,81,141,31,69,False
Pokemon_627,Fire,80,128,118,34,False
Pokemon_628,Electric,71,71,69,88,False
Pokemon_629,Psychic,92,33,70,83,False
Pokemon_630,Grass,82,123,66,104,False
Pokemon_631,Grass,110,106,85,77,False
Pokemon_632,Fire,57,65,80,64,False
Pokemon_633,Fire,77,107,60,67,False
Pokemon_634,Grass,100,49,49,79,False
Pokemon_635,Psychic,49,70,84,62,False
Pokemon_636,Electric,164,142,177,130,True
Pokemon_637,Normal,95,118,105,113,False
Pokemon_638,Fire,53,95,117,65,False
Pokemon_639,Grass,91,92,81,120,False
Pokemon_640,Grass,56,33,68,84,False
Pokemon_641,Psychic,69,85,102,84,False
Pokemon_642,Normal,93,119,61,98,False
Pokemon_643,Electric,89,63,119,96,False
Pokemon_644,Water,68,62,119,68,False
Pokemon_645,Psychic,88,46,91,62,False
Pokemon_646,Electric,45,110,92,86,False
Pokemon_647,Grass,92,101,92,86,False
Pokemon_648,Electric,78,82,68,82,False
Pokemon_649,Grass,79,105,66,81,False
Pokemon_650,Water,80,72,67,109,False
Pokemon_651,Normal,92,76,78,94,False
Pokemon_652,Fire,84,108,60,49,False
Pokemon_653,Water,129,101,89,123,True
Pokemon_654,Electric,91,92,55,107,False
Pokemon_655,Water,71,73,138,101,True
Pokemon_656,Grass,73,87,98,95,False
Pokemon_657,Grass,80,89,67,95,False
Pokemon_658,Water,24,78,115,99,False
Pokemon_659,Normal,50,116,78,100,False
Pokemon_660,Water,74,81,71,79,False
Pokemon_661,Fire,56,91,107,71,False
Pokemon_662,Grass,74,107,83,54,False
Pokemon_663,Normal,100,100,106,71,False
Pokemon_664,Electric,75,71,78,94,False
Pokemon_665,Psychic,81,53,65,140,False
Pokemon_666,Water,50,97,67,59,False
Pokemon_667,Psychic,94,88,104,62,False
Pokemon_668,Normal,75,102,49,52,False
Pokemon_669,Grass,67,81,123,58,False
Pokemon_670,Psychic,39,73,35,78,False
Pokemon_671,Grass,110,99,41,79,False
Pokemon_672,Water,96,87,120,124,False
Pokemon_673,Psychic,41,134,73,93,False
Pokemon_674,Grass,83,51,42,98,False
Pokemon_675,Electric,71,66,59,123,False
Pokemon_676,Psychic,55,78,105,80,False
Pokemon_677,Fire,73,79,75,78,False
Pokemon_678,Electric,96,72,83,116,False
Pokemon_679,Water,69,28,71,96,False
Pokemon_680,Fire,62,104,73,78,False
Pokemon_681,Normal,48,69,76,70,False
Pokemon_682,Electric,75,83,48,122,False
Pokemon_683,Fire,90,78,88,100,False
Pokemon_684,Normal,85,42,107,54,False
Pokemon_685,Fire,55,88,46,46,False
Pokemon_686,Electric,54,92,83,91,False
Pokemon_687,Water,56,98,63,83,False
Pokemon_688,Psychic,112,70,112,116,True
Pokemon_689,Grass,72,92,113,69,False
Pokemon_690,Water,56,65,90,85,False
Pokemon_691,Water,63,80,119,55,False
Pokemon_692,Psychic,16,65,53,70,False
Pokemon_693,Normal,76,102,45,101,False
Pokemon_694,Electric,83,72,43,134,False
Pokemon_695,Electric,97,61,83,84,False
Pokemon_696,Fire,66,108,33,116,False
Pokemon_697,Water,121,140,143,123,True
Pokemon_698,Normal,112,104,110,75,True
Pokemon_699,Electric,57,105,42,104,False
Pokemon_700,Normal,57,90,63,52,False
Pokemon_701,Normal,66,67,80,75,False
Pokemon_702,Grass,60,106,89,79,False
Pokemon_703,Grass,103,64,55,119,False
Pokemon_704,Water,76,83,84,95,False
Pokemon_705,Fire,77,78,64,51,False
Pokemon_706,Grass,53,54,79,71,False
Pokemon_707,Grass,103,96,111,57,False
Pokemon_708,Water,51,49,96,87,False
Pokemon_709,Fire,79,78,92,77,False
Pokemon_710,Psychic,101,74,70,82,False
Pokemon_711,Electric,71,74,127,92,False
Pokemon_712,Grass,39,83,80,109,False
Pokemon_713,Electric,67,109,80,83,False
Pokemon_714,Normal,76,80,47,79,False
Pokemon_715,Normal,81,70,31,94,False
Pokemon_716,Fire,57,101,59,106,False
Pokemon_717,Grass,82,120,67,97,False
Pokemon_718,Grass,88,69,78,69,False
Pokemon_719,Water,55,50,127,51,False
Pokemon_720,Normal,50,93,46,99,False
Pokemon_721,Water,92,70,70,94,False
Pokemon_722,Water,95,71,73,56,False
Pokemon_723,Psychic,55,84,108,76,False
Pokemon_724,Water,104,61,105,59,False
Pokemon_725,Grass,67,112,68,108,False
Pokemon_726,Water,109,118,113,113,True
Pokemon_727,Water,67,84,87,118,False
Pokemon_728,Water,99,107,50,50,False
Pokemon_729,Psychic,56,98,57,108,False
Pokemon_730,Water,131,53,59,96,False
Pokemon_731,Grass,89,99,109,54,False
Pokemon_732,Electric,56,135,91,97,False
Pokemon_733,Water,76,31,130,90,False
Pokemon_734,Fire,50,74,49,59,False
Pokemon_735,Fire,83,118,63,76,False
Pokemon_736,Water,81,60,114,70,False
Pokemon_737,Psychic,83,74,70,72,False
Pokemon_738,Normal,92,109,65,141,False
Pokemon_739,Grass,111,46,45,116,False
Pokemon_740,Grass,77,81,105,63,False
Pokemon_741,Grass,62,95,58,71,False
Pokemon_742,Normal,49,79,105,82,False
Pokemon_743,Fire,59,104,98,77,False
Pokemon_744,Water,77,76,66,59,False
Pokemon_745,Electric,112,158,130,144,True
Pokemon_746,Normal,61,102,83,45,False
Pokemon_747,Water,89,78,61,81,False
Pokemon_748,Water,92,88,104,77,False
Pokemon_749,Grass,73,64,66,87,False
Pokemon_750,Fire,83,108,59,63,False
Pokemon_751,Electric,95,121,72,88,False
Pokemon_752,Psychic,80,38,91,105,False
Pokemon_753,Psychic,72,83,86,96,True
Pokemon_754,Fire,65,114,76,81,False
Pokemon_755,Psychic,72,69,78,56,False
Pokemon_756,Psychic,66,110,97,61,False
Pokemon_757,Normal,57,83,98,51,False
Pokemon_758,Psychic,63,87,95,85,False
Pokemon_759,Grass,68,24,95,96,False
Pokemon_760,Psychic,128,87,80,32,False
Pokemon_761,Psychic,97,105,76,83,False
Pokemon_762,Psychic,71,90,86,47,False
Pokemon_763,Fire,98,112,57,74,False
Pokemon_764,Electric,78,109,73,74,False
Pokemon_765,Electric,70,70,73,99,False
Pokemon_766,Fire,86,46,42,68,False
Pokemon_767,Psychic,79,103,75,70,False
Pokemon_768,Grass,85,65,48,39,False
Pokemon_769,Normal,78,102,72,70,False
Pokemon_770,Normal,35,101,34,68,False
Pokemon_771,Electric,81,57,93,92,False
Pokemon_772,Grass,72,89,56,54,False
Pokemon_773,Grass,94,66,68,50,False
Pokemon_774,Water,121,87,128,108,True
Pokemon_775,Fire,109,124,80,71,False
Pokemon_776,Fire,127,81,111,107,True
Pokemon_777,Fire,72,134,133,100,True
Pokemon_778,Fire,44,127,81,114,False
Pokemon_779,Grass,79,95,53,122,False
Pokemon_780,Fire,87,116,67,80,False
Pokemon_781,Psychic,48,94,47,98,False
Pokemon_782,Electric,91,51,85,124,False
Pokemon_783,Water,75,76,59,115,False
Pokemon_784,Normal,126,150,116,148,True
Pokemon_785,Normal,82,117,76,60,False
Pokemon_786,Water,37,148,116,86,False
Pokemon_787,Fire,75,153,87,114,False
Pokemon_788,Fire,84,108,28,70,False
Pokemon_789,Normal,85,78,49,44,False
Pokemon_790,Water,60,82,73,63,False
Pokemon_791,Electric,79,74,42,55,False
Pokemon_792,Psychic,67,116,33,49,False
Pokemon_793,Psychic,124,118,114,122,True
Pokemon_794,Fire,23,100,82,59,False
Pokemon_795,Grass,46,50,80,61,False
Pokemon_796,Grass,59,92,110,93,False
Pokemon_797,Normal,35,74,88,90,False
Pokemon_798,Grass,69,83,30,93,False
Pokemon_799,Normal,92,57,66,76,False
Pokemon_800,Water,66,86,88,98,False
Pokemon_801,Fire,62,47,70,85,False
Pokemon_802,Water,82,106,60,65,False
Pokemon_803,Normal,89,113,90,69,False
Pokemon_804,Grass,114,102,39,48,False
Pokemon_805,Psychic,77,102,48,81,False
Pokemon_806,Psychic,103,62,82,78,False
Pokemon_807,Psychic,67,106,65,99,False
Pokemon_808,Water,74,116,45,89,False
Pokemon_809,Normal,54,72,54,77,False
Pokemon_810,Electric,92,104,133,96,False
Pokemon_811,Fire,99,126,69,45,False
Pokemon_812,Normal,95,136,116,77,True
Pokemon_813,Psychic,36,47,65,74,False
Pokemon_814,Electric,82,84,85,117,False
Pokemon_815,Psychic,118,154,81,90,False
Pokemon_816,Grass,60,80,90,64,False
Pokemon_817,Normal,47,77,69,84,False
Pokemon_818,Normal,98,87,73,33,False
Pokemon_819,Water,75,19,103,93,False
Pokemon_820,Normal,91,130,69,47,False
Pokemon_821,Grass,95,62,62,48,False
Pokemon_822,Electric,47,58,83,66,False
Pokemon_823,Grass,71,83,38,78,False
Pokemon_824,Psychic,105,119,96,108,True
Pokemon_825,Psychic,52,84,58,107,False
Pokemon_826,Grass,69,67,74,108,False
Pokemon_827,Fire,87,90,119,88,False
Pokemon_828,Psychic,57,50,118,83,False
Pokemon_829,Psychic,22,117,75,77,False
Pokemon_830,Normal,50,87,119,59,False
Pokemon_831,Psychic,74,65,78,79,False
Pokemon_832,Psychic,75,46,69,86,False
Pokemon_833,Normal,73,107,66,92,False
Pokemon_834,Grass,83,35,40,80,False
Pokemon_835,Electric,42,96,64,106,False
Pokemon_836,Electric,76,69,66,75,False
Pokemon_837,Psychic,96,14,121,61,False
Pokemon_838,Electric,60,30,84,91,False
Pokemon_839,Psychic,65,87,62,67,False
Pokemon_840,Normal,69,104,67,69,False
Pokemon_841,Electric,88,115,54,91,False
Pokemon_842,Electric,64,54,97,88,False
Pokemon_843,Electric,65,94,18,117,False
Pokemon_844,Normal,83,70,60,63,False
Pokemon_845,Psychic,63,60,110,80,False
Pokemon_846,Psychic,92,100,85,60,False
Pokemon_847,Normal,52,75,114,60,False
Pokemon_848,Normal,89,67,49,50,False
Pokemon_849,Fire,69,107,96,93,False
Pokemon_850,Psychic,82,39,83,105,False
Pokemon_851,Grass,63,70,53,103,False
Pokemon_852,Water,76,112,89,63,False
Pokemon_853,Electric,72,80,97,119,False
Pokemon_854,Fire,122,71,89,82,False
Pokemon_855,Fire,66,101,55,90,False
Pokemon_856,Grass,74,70,69,49,False
Pokemon_857,Water,85,83,113,93,False
Pokemon_858,Electric,95,102,148,118,True
Pokemon_859,Psychic,90,78,80,70,False
Pokemon_860,Normal,77,94,79,47,False
Pokemon_861,Electric,39,90,87,98,False
Pokemon_862,Psychic,41,76,58,83,False
Pokemon_863,Grass,78,92,70,73,False
Pokemon_864,Grass,116,75,81,18,False
Pokemon_865,Water,95,97,104,96,False
Pokemon_866,Water,108,84,97,39,False
Pokemon_867,Water,60,75,84,79,False
Pokemon_868,Normal,73,40,99,75,False
Pokemon_869,Psychic,88,59,49,96,False
Pokemon_870,Electric,90,54,92,103,False
Pokemon_871,Psychic,89,76,83,87,False
Pokemon_872,Psychic,56,98,64,74,False
Pokemon_873,Electric,78,95,80,100,False
Pokemon_874,Grass,76,83,52,82,False
Pokemon_875,Fire,136,155,71,124,True
Pokemon_876,Grass,110,71,78,42,False
Pokemon_877,Normal,59,61,47,78,False
Pokemon_878,Water,66,51,98,78,False
Pokemon_879,Normal,61,89,115,90,False
Pokemon_880,Grass,91,81,43,81,False
Pokemon_881,Normal,52,86,89,106,False
Pokemon_882,Fire,106,104,83,56,False
Pokemon_883,Water,42,48,95,68,False
Pokemon_884,Grass,63,68,69,114,False
Pokemon_885,Electric,127,93,112,136,True
Pokemon_886,Normal,70,71,58,37,False
Pokemon_887,Grass,100,80,43,92,False
Pokemon_888,Electric,107,89,64,106,False
Pokemon_889,Psychic,63,104,98,66,False
Pokemon_890,Fire,126,169,94,110,True
Pokemon_891,Electric,81,90,71,111,False
Pokemon_892,Water,111,145,84,96,False
Pokemon_893,Water,80,53,102,71,False
Pokemon_894,Psychic,96,77,92,93,False
Pokemon_895,Water,73,61,42,99,False
Pokemon_896,Normal,72,44,44,93,False
Pokemon_897,Fire,76,83,103,70,False
Pokemon_898,Normal,53,87,55,91,False
Pokemon_899,Electric,115,117,64,78,False
Pokemon_900,Fire,64,79,86,79,False
Pokemon_901,Normal,83,91,79,44,False
Pokemon_902,Psychic,46,105,65,95,False
Pokemon_903,Psychic,78,59,52,96,False
Pokemon_904,Water,103,124,99,83,False
Pokemon_905,Electric,95,89,92,97,False
Pokemon_906,Grass,133,79,51,81,False
Pokemon_907,Grass,53,108,58,62,False
Pokemon_908,Normal,104,87,98,72,False
Pokemon_909,Grass,73,36,65,78,False
Pokemon_910,Normal,65,112,67,82,False
Pokemon_911,Water,84,51,47,69,False
Pokemon_912,Psychic,105,50,45,93,False
Pokemon_913,Psychic,82,91,25,37,False
Pokemon_914,Psychic,68,96,61,90,False
Pokemon_915,Electric,87,47,70,83,False
Pokemon_916,Water,66,45,111,106,False
Pokemon_917,Fire,85,81,29,60,False
Pokemon_918,Normal,40,75,64,104,False
Pokemon_919,Water,84,63,111,77,False
Pokemon_920,Electric,62,52,67,97,False
Pokemon_921,Psychic,163,98,146,109,True
Pokemon_922,Normal,89,167,119,108,True
Pokemon_923,Psychic,89,53,52,97,False
Pokemon_924,Grass,76,84,69,78,False
Pokemon_925,Grass,87,89,68,63,False
Pokemon_926,Psychic,125,144,104,146,True
Pokemon_927,Electric,40,98,48,113,False
Pokemon_928,Fire,75,99,40,79,False
Pokemon_929,Normal,121,106,71,72,False
Pokemon_930,Water,61,111,58,81,False
Pokemon_931,Electric,85,89,51,132,False
Pokemon_932,Grass,68,119,103,83,False
Pokemon_933,Electric,101,84,86,89,False
Pokemon_934,Psychic,70,94,63,64,False
Pokemon_935,Fire,71,123,86,67,False
Pokemon_936,Psychic,94,77,80,84,False
Pokemon_937,Water,80,80,47,55,False
Pokemon_938,Normal,34,103,69,59,False
Pokemon_939,Grass,38,124,47,64,False
Pokemon_940,Psychic,88,86,72,99,False
Pokemon_941,Psychic,65,72,79,40,False
Pokemon_942,Fire,71,76,38,74,False
Pokemon_943,Fire,42,125,75,86,False
Pokemon_944,Grass,75,58,34,77,False
Pokemon_945,Water,76,57,97,72,False
Pokemon_946,Normal,54,86,75,59,False
Pokemon_947,Psychic,75,61,70,62,False
Pokemon_948,Electric,76,31,114,98,False
Pokemon_949,Normal,68,70,60,115,False
Pokemon_950,Electric,85,33,68,95,False
Pokemon_951,Normal,99,84,57,58,False
Pokemon_952,Fire,103,156,84,43,False
Pokemon_953,Psychic,92,106,59,82,False
Pokemon_954,Fire,138,85,83,137,False
Pokemon_955,Psychic,71,71,41,108,False
Pokemon_956,Normal,62,88,108,77,False
Pokemon_957,Water,63,121,33,98,False
Pokemon_958,Electric,114,82,68,94,False
Pokemon_959,Normal,125,90,66,53,False
Pokemon_960,Grass,54,125,83,133,False
Pokemon_961,Fire,102,87,60,60,False
Pokemon_962,Normal,143,95,93,95,False
Pokemon_963,Electric,60,49,69,125,False
Pokemon_964,Water,83,119,142,85,False
Pokemon_965,Psychic,77,122,102,67,False
Pokemon_966,Water,111,90,74,54,False
Pokemon_967,Electric,56,65,38,109,False
Pokemon_968,Normal,76,59,77,104,False
Pokemon_969,Psychic,118,127,68,89,False
Pokemon_970,Water,98,83,104,77,False
Pokemon_971,Normal,56,65,34,83,False
Pokemon_972,Psychic,57,128,70,74,False
Pokemon_973,Water,60,75,112,77,False
Pokemon_974,Fire,83,112,63,78,False
Pokemon_975,Fire,71,94,95,92,False
Pokemon_976,Water,79,117,104,103,True
Pokemon_977,Grass,89,85,71,72,False
Pokemon_978,Grass,103,40,72,94,False
Pokemon_979,Normal,96,98,77,99,False
Pokemon_980,Grass,106,69,60,60,False
Pokemon_981,Normal,90,104,102,86,False
Pokemon_982,Electric,41,85,87,78,False
Pokemon_983,Electric,23,107,74,99,False
Pokemon_984,Fire,54,84,110,98,False
Pokemon_985,Psychic,53,98,75,61,False
Pokemon_986,Electric,73,49,69,98,False
Pokemon_987,Psychic,114,118,47,66,False
Pokemon_988,Fire,68,95,138,71,False
Pokemon_989,Fire,136,169,115,123,True
Pokemon_990,Water,84,62,98,89,False
Pokemon_991,Psychic,44,43,107,55,False
Pokemon_992,Psychic,69,54,96,98,False
Pokemon_993,Normal,55,75,83,65,False
Pokemon_994,Psychic,37,95,103,81,False
Pokemon_995,Electric,102,64,63,110,False
Pokemon_996,Normal,75,86,71,83,False
Pokemon_997,Electric,41,78,109,112,False
Pokemon_998,Psychic,93,90,129,135,False
Pokemon_999,Electric,80,84,76,87,False
Pokemon_1000,Water,111,158,114,105,True
