age,job,marital,education,balance,duration,deposit
77,housemaid,married,primary,2212,916,yes
31,blue-collar,married,tertiary,8848,1381,yes
34,entrepreneur,divorced,tertiary,896,373,no
47,student,divorced,secondary,89,1001,yes
24,management,single,unknown,7674,929,yes
38,entrepreneur,divorced,primary,-692,572,no
18,student,married,primary,7784,51,yes
66,blue-collar,married,primary,18,432,no
55,blue-collar,divorced,tertiary,3493,144,no
21,admin.,married,tertiary,2261,795,no
63,retired,divorced,unknown,6084,1292,yes
25,retired,single,tertiary,3290,1224,yes
35,retired,single,unknown,6101,1289,yes
69,student,divorced,tertiary,357,757,yes
77,retired,married,unknown,-918,82,no
62,admin.,divorced,tertiary,7442,1107,yes
25,management,divorced,tertiary,8285,644,yes
48,retired,single,secondary,4411,410,yes
48,housemaid,divorced,secondary,1387,1112,yes
45,blue-collar,single,secondary,408,1002,yes
73,admin.,single,unknown,8673,1281,yes
65,entrepreneur,divorced,unknown,8290,1220,yes
54,retired,divorced,unknown,2728,479,no
20,admin.,divorced,unknown,4294,588,yes
62,entrepreneur,divorced,secondary,7924,465,yes
32,admin.,single,primary,-678,1309,yes
21,entrepreneur,divorced,tertiary,1057,1212,yes
52,admin.,single,tertiary,2060,923,yes
76,admin.,single,unknown,2700,138,no
51,student,married,secondary,4635,388,yes
79,retired,single,primary,2384,1148,yes
53,management,married,secondary,8453,1355,yes
74,housemaid,divorced,tertiary,7997,398,yes
23,blue-collar,married,unknown,8725,795,yes
21,housemaid,divorced,unknown,9233,473,yes
66,management,single,secondary,3225,1235,yes
47,student,married,unknown,2456,998,yes
56,retired,divorced,primary,2664,556,no
35,entrepreneur,divorced,tertiary,2096,418,yes
77,student,married,primary,6428,627,yes
39,housemaid,married,secondary,6565,770,yes
27,blue-collar,divorced,tertiary,3659,1185,yes
66,retired,divorced,primary,8545,662,yes
46,blue-collar,single,primary,-852,1438,yes
40,entrepreneur,divorced,primary,4730,1011,yes
21,student,married,tertiary,6163,500,yes
76,student,divorced,tertiary,8975,816,yes
36,blue-collar,divorced,unknown,5262,1195,yes
43,management,married,secondary,4553,156,no
24,housemaid,single,unknown,9467,1445,yes
30,blue-collar,divorced,secondary,-386,265,no
20,housemaid,married,tertiary,9016,379,yes
57,admin.,married,primary,7431,660,yes
28,housemaid,married,unknown,-88,1324,yes
33,entrepreneur,married,tertiary,2013,1373,yes
37,management,single,tertiary,4409,85,yes
68,retired,married,tertiary,-842,578,yes
40,blue-collar,divorced,unknown,-453,514,no
40,retired,single,tertiary,4132,1354,yes
49,management,married,secondary,1900,671,yes
58,housemaid,divorced,secondary,6674,1025,yes
59,blue-collar,single,primary,1265,1340,yes
72,management,divorced,unknown,7946,356,yes
55,entrepreneur,single,unknown,-266,1426,yes
20,admin.,married,unknown,2791,1232,yes
69,student,divorced,unknown,3317,191,no
25,admin.,married,unknown,9527,249,yes
55,entrepreneur,single,tertiary,924,75,no
74,retired,married,tertiary,-477,180,no
57,admin.,married,secondary,8702,174,yes
31,entrepreneur,divorced,unknown,9938,963,yes
25,housemaid,married,unknown,4924,72,no
28,retired,married,unknown,7809,364,no
59,retired,married,secondary,-140,60,no
75,student,single,unknown,5184,593,yes
72,entrepreneur,divorced,unknown,6492,52,no
59,admin.,divorced,tertiary,4880,972,yes
60,student,married,secondary,6901,1354,yes
50,student,divorced,tertiary,307,1351,yes
32,housemaid,single,primary,5346,1249,yes
54,retired,single,unknown,1821,1224,yes
31,entrepreneur,married,primary,2865,679,no
72,entrepreneur,married,unknown,5925,99,no
43,student,single,primary,7226,1455,yes
74,retired,single,tertiary,1100,625,no
77,retired,single,secondary,8571,572,yes
69,housemaid,married,primary,-564,1287,yes
25,retired,single,tertiary,1572,1140,yes
66,blue-collar,married,primary,3362,1327,yes
21,admin.,single,primary,-692,1269,yes
53,retired,single,secondary,-509,844,no
35,blue-collar,divorced,tertiary,4308,365,no
44,housemaid,single,secondary,-479,626,no
76,housemaid,married,unknown,914,776,yes
36,management,single,secondary,1925,313,no
20,management,divorced,secondary,8560,593,yes
26,housemaid,single,primary,2290,1150,yes
56,management,single,primary,9333,376,yes
19,entrepreneur,single,primary,2229,468,yes
26,blue-collar,married,tertiary,2577,129,yes
73,housemaid,single,secondary,4609,1246,yes
23,entrepreneur,single,unknown,1571,1216,yes
55,admin.,single,primary,-768,1372,yes
45,admin.,divorced,unknown,8814,1264,yes
65,management,married,secondary,1652,373,no
51,management,married,secondary,5250,1479,yes
46,entrepreneur,divorced,secondary,216,493,no
65,admin.,married,unknown,2539,861,yes
20,retired,divorced,unknown,-479,959,no
71,housemaid,single,unknown,2066,255,no
79,retired,married,secondary,-660,773,yes
33,blue-collar,single,secondary,9936,1258,yes
61,student,single,primary,7250,1190,yes
52,management,married,tertiary,2253,640,no
28,entrepreneur,single,unknown,3681,374,no
60,retired,single,tertiary,4633,911,yes
40,management,divorced,unknown,-758,195,no
47,entrepreneur,married,unknown,-773,1218,yes
65,admin.,single,tertiary,5703,1420,yes
22,management,divorced,tertiary,1602,289,no
69,student,married,unknown,7318,751,yes
25,retired,single,secondary,3430,1298,yes
60,entrepreneur,single,primary,3853,361,no
60,entrepreneur,single,unknown,8623,598,yes
67,retired,single,primary,1168,91,no
68,student,single,secondary,1748,1214,yes
27,management,married,secondary,308,1375,yes
45,blue-collar,married,primary,9317,205,yes
53,housemaid,divorced,unknown,593,69,no
77,student,divorced,primary,493,160,no
27,admin.,divorced,unknown,9222,1094,yes
31,retired,married,tertiary,6883,437,yes
55,student,married,unknown,3777,960,yes
54,retired,married,tertiary,5438,340,yes
64,management,single,tertiary,6108,1072,yes
22,management,married,primary,7438,1286,yes
72,blue-collar,married,tertiary,82,899,yes
73,admin.,single,primary,8673,964,yes
23,management,divorced,primary,-990,1266,yes
47,blue-collar,divorced,secondary,1006,363,no
36,retired,divorced,primary,2529,910,yes
69,housemaid,single,secondary,1292,1203,yes
79,entrepreneur,single,secondary,-56,226,no
66,housemaid,single,primary,7626,357,yes
31,housemaid,married,unknown,5248,420,yes
28,housemaid,divorced,unknown,1289,740,no
63,housemaid,single,primary,2343,907,yes
22,entrepreneur,single,tertiary,1566,924,yes
62,retired,divorced,primary,759,252,no
48,admin.,divorced,tertiary,4163,17,no
61,admin.,married,unknown,2875,1316,yes
75,retired,divorced,tertiary,1228,632,no
49,blue-collar,single,primary,7459,933,yes
41,blue-collar,married,tertiary,6019,589,yes
68,management,divorced,secondary,9390,175,yes
27,housemaid,married,secondary,3477,1236,yes
30,housemaid,single,primary,4917,373,no
64,entrepreneur,single,primary,-486,1185,yes
69,housemaid,single,primary,743,1458,yes
30,entrepreneur,single,unknown,8121,667,yes
53,management,married,unknown,6856,1443,yes
39,student,married,unknown,448,524,no
26,blue-collar,single,secondary,2887,1284,yes
75,blue-collar,married,tertiary,-802,1110,no
36,management,single,secondary,9247,1455,yes
69,management,single,tertiary,780,741,no
71,retired,divorced,tertiary,3900,919,yes
71,housemaid,married,primary,3422,1418,yes
24,blue-collar,divorced,primary,8905,1412,yes
32,admin.,single,unknown,4713,1261,yes
34,management,divorced,primary,4743,127,no
63,blue-collar,single,secondary,2504,1019,yes
31,blue-collar,single,secondary,6672,1300,yes
58,entrepreneur,single,secondary,1567,1268,yes
65,student,married,primary,8121,1201,yes
19,blue-collar,single,primary,3625,781,yes
31,management,single,tertiary,6090,939,yes
21,student,married,tertiary,4352,705,yes
20,student,married,primary,419,531,yes
20,housemaid,single,secondary,9197,346,yes
28,blue-collar,married,primary,8522,1360,yes
22,admin.,single,unknown,1557,1392,yes
65,management,divorced,unknown,6870,457,yes
72,housemaid,married,secondary,-577,662,no
46,retired,divorced,unknown,-851,899,no
45,housemaid,single,primary,8705,613,yes
40,management,married,primary,9907,1130,yes
47,retired,married,tertiary,7095,662,yes
79,housemaid,single,unknown,-862,768,no
40,admin.,married,unknown,6065,1289,yes
68,blue-collar,married,unknown,870,451,no
58,management,married,unknown,1061,418,no
39,blue-collar,divorced,secondary,9187,819,yes
60,blue-collar,single,secondary,7120,94,no
29,housemaid,single,primary,9105,1450,yes
44,management,single,unknown,7181,962,yes
75,blue-collar,married,tertiary,3280,706,no
76,entrepreneur,married,primary,4696,107,no
57,admin.,married,primary,-258,551,no
63,retired,single,secondary,5424,1484,yes
79,housemaid,divorced,primary,3181,200,no
66,management,single,tertiary,7268,977,yes
69,management,single,unknown,991,1234,yes
32,housemaid,divorced,primary,4256,1355,yes
64,blue-collar,married,tertiary,2705,267,no
40,housemaid,married,secondary,16,164,no
61,student,single,secondary,7288,953,yes
58,management,divorced,unknown,-6,237,no
61,entrepreneur,single,primary,8746,526,yes
36,student,single,tertiary,5941,650,yes
61,blue-collar,divorced,secondary,8224,83,yes
28,retired,divorced,tertiary,7274,374,yes
77,housemaid,married,secondary,8727,33,no
55,management,single,secondary,3525,472,yes
57,retired,divorced,unknown,4209,490,yes
60,management,divorced,tertiary,-488,1122,yes
20,management,divorced,tertiary,922,1333,yes
33,entrepreneur,divorced,tertiary,697,53,no
49,blue-collar,single,secondary,9752,1070,yes
55,housemaid,single,unknown,914,1313,yes
26,blue-collar,single,tertiary,3753,470,yes
58,management,divorced,primary,5816,1202,yes
55,entrepreneur,married,tertiary,7838,79,no
22,retired,divorced,secondary,-203,222,no
18,student,single,unknown,7268,923,yes
52,entrepreneur,single,tertiary,5224,81,yes
52,management,single,tertiary,5697,837,yes
29,blue-collar,married,tertiary,9875,189,yes
53,retired,married,primary,7933,217,yes
38,blue-collar,single,secondary,225,186,no
65,entrepreneur,divorced,primary,4566,716,yes
60,retired,single,primary,8156,1334,yes
25,admin.,single,secondary,4922,893,yes
78,entrepreneur,married,secondary,4036,760,yes
44,retired,married,tertiary,7503,1187,yes
26,entrepreneur,married,secondary,1646,163,no
45,housemaid,married,tertiary,6684,39,no
47,entrepreneur,single,primary,1731,1060,yes
31,student,divorced,tertiary,7824,985,yes
40,admin.,single,secondary,3694,1273,yes
46,retired,single,tertiary,4545,653,yes
43,retired,divorced,primary,2681,700,yes
39,entrepreneur,single,secondary,-586,107,no
32,blue-collar,divorced,secondary,8734,335,yes
68,housemaid,married,unknown,7963,246,yes
26,student,married,tertiary,3479,147,no
43,housemaid,married,tertiary,6199,639,yes
34,entrepreneur,divorced,tertiary,9779,627,yes
26,housemaid,single,primary,7678,1079,yes
20,housemaid,married,primary,8971,399,yes
74,entrepreneur,married,secondary,6532,1397,yes
33,admin.,single,secondary,5407,369,yes
30,retired,married,primary,6309,591,yes
43,entrepreneur,married,tertiary,7221,216,yes
34,blue-collar,divorced,tertiary,7321,610,yes
49,management,single,primary,6945,988,yes
41,admin.,divorced,tertiary,4189,524,yes
71,entrepreneur,married,primary,3214,819,yes
79,admin.,married,tertiary,1374,1399,yes
74,management,single,tertiary,2983,447,yes
53,housemaid,married,unknown,-793,1264,yes
77,housemaid,divorced,secondary,7139,1456,yes
70,management,divorced,tertiary,8173,478,yes
39,housemaid,single,tertiary,3302,639,yes
77,admin.,single,primary,5911,1344,yes
26,housemaid,married,unknown,5690,404,yes
39,management,single,unknown,9363,123,no
58,management,single,primary,-889,1235,yes
67,retired,married,primary,6153,472,yes
63,management,married,primary,3709,551,yes
37,blue-collar,divorced,tertiary,4040,1397,yes
20,student,divorced,primary,409,256,no
53,admin.,single,secondary,7897,1279,yes
50,management,married,primary,4872,1217,yes
35,retired,single,tertiary,7132,1446,yes
53,admin.,divorced,secondary,5275,282,no
27,retired,single,tertiary,9971,554,yes
53,blue-collar,divorced,secondary,5993,1310,yes
38,admin.,divorced,secondary,3199,632,yes
42,entrepreneur,single,secondary,1600,727,no
66,student,divorced,tertiary,9807,787,yes
57,student,divorced,secondary,3857,1030,yes
68,blue-collar,married,unknown,6806,499,yes
26,blue-collar,single,unknown,5805,224,no
65,housemaid,single,tertiary,6498,1136,yes
44,management,single,unknown,4039,599,yes
73,blue-collar,divorced,secondary,8039,184,yes
73,student,divorced,primary,1943,61,no
74,admin.,divorced,primary,7067,306,yes
32,entrepreneur,single,secondary,7360,184,yes
69,admin.,married,unknown,5700,978,yes
49,student,single,secondary,-16,352,no
65,admin.,single,primary,107,609,yes
77,entrepreneur,single,primary,9759,180,yes
70,retired,married,tertiary,7298,1070,yes
61,housemaid,single,primary,6432,1234,yes
72,student,married,tertiary,9897,1097,yes
67,management,married,unknown,9270,464,yes
56,student,single,secondary,3342,736,yes
33,blue-collar,single,tertiary,553,1442,yes
45,management,single,secondary,1002,896,no
68,housemaid,divorced,tertiary,7104,1015,yes
23,retired,married,unknown,-503,764,no
78,entrepreneur,single,unknown,3949,159,no
23,management,married,tertiary,421,645,no
55,student,divorced,tertiary,2474,976,yes
75,admin.,divorced,unknown,4980,719,yes
64,blue-collar,single,secondary,3373,287,no
19,blue-collar,married,unknown,7733,44,yes
58,retired,divorced,secondary,6310,184,no
57,housemaid,divorced,tertiary,7980,1066,yes
24,housemaid,married,secondary,7547,724,yes
44,entrepreneur,divorced,tertiary,4643,1430,yes
79,housemaid,married,secondary,8418,263,yes
45,management,single,tertiary,7441,577,yes
77,blue-collar,married,primary,5178,332,yes
33,entrepreneur,single,primary,-469,22,no
64,student,married,unknown,7750,59,no
26,housemaid,divorced,unknown,619,1266,yes
69,admin.,single,tertiary,291,962,yes
32,blue-collar,married,secondary,2124,1003,yes
51,entrepreneur,single,tertiary,3880,625,no
37,blue-collar,married,primary,3113,875,yes
31,management,married,primary,8319,105,yes
77,retired,single,tertiary,2911,352,no
75,housemaid,single,primary,6159,865,yes
28,retired,single,unknown,107,202,no
47,student,divorced,tertiary,4427,520,yes
20,housemaid,married,unknown,4270,1484,yes
19,housemaid,married,unknown,5496,1158,yes
67,student,single,unknown,687,1114,yes
31,admin.,married,primary,4987,16,no
73,management,married,secondary,3471,339,yes
46,admin.,married,secondary,4681,92,no
22,student,single,secondary,2475,914,yes
61,management,married,unknown,1577,635,no
63,management,married,tertiary,1532,536,no
23,student,divorced,unknown,3217,1146,yes
25,management,divorced,unknown,5937,449,yes
56,housemaid,single,tertiary,1029,899,yes
56,student,married,secondary,8335,771,yes
61,housemaid,married,secondary,4958,1033,yes
46,housemaid,divorced,secondary,4418,28,no
56,admin.,single,unknown,5190,18,no
61,entrepreneur,single,unknown,6764,1218,yes
44,retired,married,primary,8939,1071,yes
33,student,divorced,secondary,3819,732,yes
44,student,divorced,unknown,4919,913,yes
56,student,divorced,primary,7409,143,yes
57,management,married,unknown,1810,1135,yes
18,student,married,unknown,2415,1182,yes
62,student,married,secondary,4952,102,no
68,admin.,divorced,tertiary,4433,811,yes
50,housemaid,single,unknown,716,1173,yes
73,retired,married,unknown,6897,1328,yes
67,housemaid,married,unknown,-711,873,yes
56,entrepreneur,single,secondary,3697,783,yes
71,housemaid,single,unknown,9935,553,yes
44,management,divorced,primary,-391,197,no
34,blue-collar,married,secondary,1353,145,no
77,student,divorced,primary,6645,175,no
32,retired,married,secondary,-465,1000,yes
39,student,divorced,unknown,2291,1180,yes
74,housemaid,divorced,unknown,2757,254,no
36,entrepreneur,single,primary,7948,1216,yes
45,retired,married,primary,6157,1042,yes
40,blue-collar,single,secondary,2849,1469,yes
53,retired,single,secondary,7069,1189,yes
66,student,single,tertiary,7545,839,yes
56,student,married,tertiary,3830,697,yes
65,management,divorced,tertiary,3330,123,no
66,management,divorced,unknown,7497,176,yes
76,management,married,primary,4229,497,yes
37,entrepreneur,married,primary,1995,446,no
78,blue-collar,divorced,tertiary,5970,232,no
64,management,divorced,tertiary,1214,200,no
26,student,single,secondary,8401,585,yes
70,housemaid,divorced,tertiary,-725,803,no
40,blue-collar,single,primary,5153,182,no
62,management,divorced,secondary,5553,1290,yes
24,blue-collar,divorced,tertiary,7338,459,yes
48,retired,divorced,unknown,2548,86,no
77,housemaid,single,tertiary,5972,624,yes
68,admin.,single,unknown,9145,235,yes
78,management,divorced,tertiary,-149,1259,yes
28,housemaid,single,secondary,3523,748,yes
57,entrepreneur,single,unknown,7679,950,yes
34,retired,single,unknown,553,85,no
53,management,single,secondary,761,1066,yes
43,admin.,married,unknown,7775,78,yes
53,retired,single,secondary,5799,424,yes
35,housemaid,divorced,tertiary,3310,740,yes
71,retired,single,secondary,3605,1481,yes
48,housemaid,divorced,secondary,7702,371,yes
66,blue-collar,single,secondary,6756,879,yes
52,management,divorced,secondary,2813,1403,yes
58,admin.,married,primary,9432,1432,yes
45,entrepreneur,divorced,unknown,9342,1153,yes
43,blue-collar,single,tertiary,4891,1081,yes
23,management,single,secondary,5888,77,no
51,admin.,divorced,primary,5194,1372,yes
45,blue-collar,married,primary,7147,1118,yes
61,admin.,single,tertiary,2202,945,no
64,retired,single,unknown,-658,386,no
26,admin.,divorced,tertiary,6745,1418,yes
46,blue-collar,divorced,secondary,423,285,no
51,blue-collar,married,unknown,7337,777,yes
29,management,divorced,unknown,3557,959,yes
33,blue-collar,single,tertiary,8107,214,yes
24,student,divorced,tertiary,5647,754,yes
48,student,married,unknown,911,1098,yes
50,retired,married,tertiary,339,920,yes
70,student,single,unknown,1246,1112,yes
24,management,divorced,tertiary,5446,334,no
20,admin.,single,unknown,1951,387,no
37,blue-collar,married,secondary,-503,826,no
22,management,married,primary,-210,690,no
20,management,divorced,tertiary,7201,680,yes
64,entrepreneur,divorced,unknown,2098,637,no
55,management,single,primary,7184,1379,yes
32,management,married,primary,1816,1027,yes
52,entrepreneur,single,primary,-674,444,no
73,housemaid,single,tertiary,-118,894,yes
40,retired,single,tertiary,671,1411,yes
50,blue-collar,married,secondary,4002,1048,yes
19,entrepreneur,divorced,tertiary,7929,1487,yes
53,student,married,tertiary,1174,1226,yes
38,management,single,tertiary,4235,1266,yes
31,management,married,primary,-77,1296,yes
31,blue-collar,single,secondary,3266,455,no
76,retired,single,primary,7112,63,yes
79,student,divorced,secondary,1824,701,no
59,admin.,single,tertiary,4107,13,no
28,entrepreneur,married,unknown,5869,266,no
21,housemaid,divorced,tertiary,4720,1394,yes
64,blue-collar,divorced,primary,8345,843,yes
69,blue-collar,divorced,primary,1070,1273,yes
47,entrepreneur,divorced,primary,6346,491,yes
74,management,divorced,secondary,5544,470,yes
53,management,married,primary,3600,858,yes
37,housemaid,single,unknown,-80,1171,yes
69,entrepreneur,single,unknown,5091,1484,yes
33,blue-collar,single,tertiary,2482,1357,yes
51,student,single,secondary,5472,482,yes
62,entrepreneur,divorced,secondary,443,202,no
25,admin.,single,tertiary,1801,316,no
62,blue-collar,single,primary,775,768,yes
79,housemaid,divorced,primary,7220,915,yes
37,housemaid,divorced,tertiary,1292,230,no
38,blue-collar,divorced,tertiary,2703,181,no
57,management,single,tertiary,-175,1193,yes
47,blue-collar,divorced,tertiary,6711,181,no
53,blue-collar,divorced,secondary,2741,1096,yes
22,admin.,married,secondary,7330,1098,yes
38,blue-collar,married,primary,3452,1202,yes
55,retired,single,secondary,1259,90,no
40,student,divorced,secondary,162,768,yes
36,retired,single,secondary,2439,1301,yes
79,entrepreneur,married,tertiary,1533,1413,yes
27,entrepreneur,married,secondary,4612,82,no
44,student,divorced,primary,8551,341,yes
52,housemaid,single,secondary,6930,1221,yes
30,management,married,tertiary,1225,1058,yes
26,housemaid,divorced,secondary,9752,237,yes
34,admin.,single,unknown,2672,1151,yes
48,blue-collar,divorced,primary,1160,1478,yes
59,student,divorced,secondary,7474,1141,yes
61,housemaid,married,primary,8331,251,yes
62,blue-collar,single,tertiary,797,512,no
41,housemaid,married,primary,8382,1089,yes
59,blue-collar,single,unknown,244,1182,yes
68,housemaid,single,unknown,6069,1344,yes
70,retired,divorced,primary,6893,561,yes
36,retired,divorced,tertiary,3408,933,yes
75,retired,single,primary,930,130,no
66,student,divorced,secondary,1518,35,no
75,entrepreneur,married,secondary,-953,1145,yes
47,student,single,primary,-867,520,no
22,student,married,secondary,4675,890,yes
25,admin.,divorced,secondary,1364,32,no
54,housemaid,single,tertiary,2509,1297,yes
64,entrepreneur,divorced,primary,9325,125,yes
53,student,married,secondary,6153,489,yes
42,student,single,primary,3094,316,no
62,management,divorced,primary,1537,240,no
66,housemaid,married,secondary,6996,710,yes
22,blue-collar,married,tertiary,4984,501,yes
50,admin.,divorced,tertiary,1471,778,yes
39,entrepreneur,single,unknown,1434,1153,yes
64,entrepreneur,divorced,primary,4021,295,yes
59,admin.,single,unknown,3335,997,yes
42,housemaid,married,tertiary,2522,1440,yes
60,blue-collar,married,secondary,1305,1391,yes
79,management,married,secondary,4287,899,yes
67,housemaid,divorced,tertiary,9002,1185,yes
46,admin.,divorced,tertiary,-337,607,no
62,housemaid,divorced,primary,4681,1358,yes
69,student,married,unknown,6443,866,yes
73,housemaid,single,unknown,4944,848,yes
47,admin.,divorced,tertiary,6774,1279,yes
65,admin.,divorced,primary,3849,927,yes
68,management,divorced,secondary,3200,1348,yes
47,admin.,married,tertiary,6097,949,yes
72,admin.,single,unknown,4022,814,yes
61,admin.,single,primary,2492,171,no
72,student,single,primary,4468,621,yes
63,student,divorced,primary,6939,1402,yes
48,student,divorced,unknown,8145,1218,yes
51,entrepreneur,single,primary,673,962,yes
45,admin.,married,secondary,342,285,no
27,admin.,single,unknown,9934,1006,yes
21,admin.,divorced,tertiary,9296,538,yes
50,management,single,primary,7431,1469,yes
73,student,single,unknown,5570,1293,yes
75,housemaid,single,tertiary,9816,968,yes
75,student,married,tertiary,2049,1278,yes
74,admin.,divorced,secondary,5283,1371,yes
34,admin.,divorced,tertiary,9301,59,yes
28,management,single,secondary,3247,1305,yes
24,housemaid,divorced,unknown,5574,1268,yes
34,management,married,secondary,8655,593,yes
45,retired,single,unknown,4331,923,yes
34,blue-collar,married,unknown,-601,1339,yes
58,blue-collar,single,primary,9913,486,yes
27,blue-collar,single,secondary,937,497,no
43,admin.,single,unknown,7373,89,yes
23,management,married,primary,74,1319,yes
34,admin.,divorced,secondary,1573,570,no
33,blue-collar,divorced,secondary,1397,1131,yes
56,housemaid,divorced,tertiary,8273,415,yes
68,housemaid,divorced,primary,-582,546,no
43,retired,married,tertiary,8352,264,yes
21,management,divorced,unknown,-361,969,no
79,retired,divorced,secondary,1084,496,no
37,student,single,unknown,3589,1227,yes
73,housemaid,married,primary,-642,525,no
66,blue-collar,single,secondary,803,473,no
73,retired,divorced,unknown,4204,789,yes
58,retired,single,secondary,6889,45,no
28,retired,divorced,tertiary,-462,25,no
40,management,single,primary,3439,928,yes
50,student,married,primary,5888,658,yes
48,management,single,primary,9410,832,yes
24,blue-collar,single,secondary,8905,82,no
39,blue-collar,single,unknown,-135,1353,yes
22,blue-collar,single,unknown,9259,1278,yes
54,retired,divorced,primary,5028,749,yes
18,blue-collar,single,secondary,9542,1228,yes
23,student,married,secondary,7967,767,yes
62,management,single,secondary,3671,915,yes
64,housemaid,married,unknown,35,1028,yes
21,blue-collar,single,primary,7552,1122,yes
47,entrepreneur,divorced,unknown,1819,807,yes
47,management,married,tertiary,7487,1172,yes
34,admin.,married,secondary,426,1430,yes
77,housemaid,single,tertiary,4494,962,yes
73,management,divorced,primary,-308,493,no
41,blue-collar,divorced,primary,6593,396,yes
48,retired,married,unknown,67,1401,yes
45,student,single,primary,132,467,no
62,entrepreneur,divorced,primary,8313,431,yes
60,admin.,divorced,unknown,6612,241,no
21,housemaid,divorced,unknown,8433,548,yes
78,blue-collar,single,unknown,-54,1377,yes
56,management,single,unknown,615,729,yes
36,management,married,primary,7254,1171,yes
41,housemaid,single,tertiary,4715,1407,yes
24,entrepreneur,divorced,unknown,5069,1470,yes
63,retired,married,primary,-607,164,no
70,student,single,primary,8718,528,yes
65,blue-collar,divorced,primary,6534,1148,yes
70,housemaid,divorced,primary,8693,1125,yes
26,housemaid,married,primary,6422,1379,yes
39,management,married,unknown,5202,593,yes
71,housemaid,single,unknown,-481,1124,yes
19,admin.,single,secondary,-612,709,no
44,admin.,married,secondary,-413,1431,yes
33,blue-collar,married,unknown,2497,114,no
22,housemaid,divorced,unknown,6669,821,yes
29,management,single,unknown,1571,975,yes
69,retired,divorced,tertiary,7471,605,yes
43,blue-collar,married,unknown,5708,1023,yes
32,entrepreneur,married,primary,9176,549,yes
20,management,married,tertiary,9473,1312,yes
26,entrepreneur,single,tertiary,7996,21,no
76,blue-collar,married,primary,7266,1340,yes
45,admin.,married,primary,1985,373,no
56,management,single,secondary,-291,671,no
53,retired,married,primary,2662,1351,yes
42,management,single,unknown,3630,547,yes
58,blue-collar,married,unknown,430,1247,yes
45,management,single,secondary,3991,323,yes
64,management,single,tertiary,4067,1488,yes
72,blue-collar,single,tertiary,7838,1432,yes
38,student,single,secondary,1038,1255,yes
46,housemaid,divorced,unknown,3133,589,yes
42,blue-collar,single,secondary,4351,271,no
47,management,single,unknown,1215,505,yes
78,retired,single,unknown,2356,632,no
56,retired,single,primary,-898,139,no
74,blue-collar,married,secondary,7336,1192,yes
28,management,married,secondary,7946,801,yes
36,entrepreneur,single,unknown,5803,1324,yes
28,entrepreneur,single,unknown,3461,98,no
42,admin.,divorced,primary,5296,977,yes
18,student,single,unknown,5565,1365,yes
49,blue-collar,single,unknown,5462,639,yes
38,blue-collar,single,tertiary,9022,515,yes
62,entrepreneur,married,secondary,-918,1163,yes
30,entrepreneur,single,primary,8503,216,no
51,entrepreneur,single,primary,6963,1393,yes
34,retired,divorced,unknown,4990,1092,yes
79,retired,married,secondary,4752,1129,yes
68,admin.,divorced,tertiary,5222,1279,yes
72,admin.,single,primary,2668,1492,yes
64,housemaid,divorced,unknown,615,1178,yes
36,retired,single,secondary,3246,1343,yes
27,blue-collar,single,tertiary,9995,543,yes
59,admin.,married,secondary,1062,1414,yes
76,management,divorced,primary,7971,1386,yes
26,blue-collar,single,unknown,6555,893,yes
68,housemaid,divorced,unknown,58,960,yes
28,entrepreneur,married,primary,1398,294,no
55,housemaid,single,primary,1330,728,no
48,blue-collar,married,secondary,759,511,no
19,entrepreneur,divorced,primary,-573,267,no
41,housemaid,divorced,secondary,4377,819,yes
59,housemaid,divorced,unknown,4029,61,no
64,blue-collar,single,tertiary,2876,559,no
22,admin.,single,unknown,9682,674,yes
67,management,single,unknown,1116,1249,yes
79,housemaid,married,tertiary,9513,1479,yes
47,management,divorced,tertiary,-441,1256,yes
56,retired,divorced,tertiary,4441,664,yes
52,retired,divorced,unknown,8577,975,yes
79,blue-collar,married,primary,1617,1138,yes
70,student,single,unknown,9146,531,yes
76,blue-collar,married,primary,-411,978,yes
74,student,divorced,secondary,-502,1010,no
65,student,divorced,unknown,5347,897,yes
34,student,married,tertiary,6904,1416,yes
48,admin.,single,unknown,8721,1147,yes
19,student,single,unknown,8830,754,yes
33,entrepreneur,divorced,tertiary,8324,1102,yes
38,management,married,secondary,6432,1398,yes
47,housemaid,single,secondary,4956,1077,yes
69,entrepreneur,married,secondary,3483,220,no
18,retired,divorced,secondary,7607,285,yes
31,retired,divorced,unknown,3996,1140,yes
33,management,divorced,unknown,591,488,no
72,management,divorced,tertiary,3407,214,no
26,student,single,primary,2883,128,no
66,entrepreneur,divorced,tertiary,607,495,no
25,entrepreneur,single,secondary,2724,118,no
26,admin.,single,primary,6555,463,yes
51,housemaid,married,tertiary,8907,1272,yes
62,housemaid,divorced,secondary,-798,1041,yes
50,housemaid,single,primary,2854,521,no
39,student,married,primary,7301,1076,yes
47,retired,married,secondary,-232,1427,yes
24,retired,divorced,primary,-862,141,no
35,entrepreneur,divorced,tertiary,-780,760,yes
38,admin.,married,tertiary,6356,403,yes
22,blue-collar,single,tertiary,8052,207,yes
24,admin.,divorced,primary,2927,1497,yes
29,retired,married,primary,1387,1154,yes
76,student,married,secondary,1525,1333,yes
34,entrepreneur,single,secondary,4054,229,no
75,admin.,single,primary,8637,877,yes
41,entrepreneur,married,tertiary,5956,103,no
54,management,single,primary,609,1325,yes
61,management,divorced,unknown,4443,162,no
36,blue-collar,married,tertiary,-802,534,no
62,retired,single,unknown,4984,728,yes
33,student,single,secondary,8352,776,yes
78,management,single,primary,369,1455,yes
42,blue-collar,single,unknown,2571,1191,yes
44,housemaid,married,primary,9414,1303,yes
68,entrepreneur,single,unknown,-512,827,no
72,student,divorced,primary,2540,266,no
59,housemaid,divorced,tertiary,9619,710,yes
61,housemaid,married,secondary,9069,524,yes
24,blue-collar,married,tertiary,8056,1270,yes
63,entrepreneur,divorced,secondary,1180,454,no
59,blue-collar,divorced,tertiary,2328,180,no
77,admin.,married,secondary,2634,279,no
25,housemaid,divorced,tertiary,-345,610,yes
32,entrepreneur,divorced,primary,4986,646,yes
75,housemaid,married,tertiary,8571,76,yes
33,admin.,married,unknown,-765,784,no
25,retired,single,unknown,-12,17,no
53,admin.,single,primary,382,1481,yes
49,retired,divorced,primary,8006,144,yes
79,entrepreneur,married,primary,8881,825,yes
34,entrepreneur,single,unknown,4629,839,yes
53,student,divorced,tertiary,1486,34,no
39,admin.,divorced,primary,665,474,yes
49,housemaid,divorced,tertiary,9827,383,yes
75,management,divorced,secondary,2986,205,no
28,housemaid,married,tertiary,7186,713,yes
62,management,divorced,tertiary,823,411,yes
23,blue-collar,single,unknown,4828,131,yes
39,entrepreneur,married,tertiary,4430,781,yes
31,admin.,divorced,unknown,4336,568,no
45,blue-collar,single,secondary,3088,1242,yes
56,housemaid,single,unknown,-390,1334,yes
29,management,married,secondary,8527,963,yes
44,retired,married,secondary,2868,917,yes
18,entrepreneur,married,primary,3325,1072,yes
27,management,single,tertiary,3435,628,no
50,housemaid,single,tertiary,9403,750,yes
33,student,divorced,primary,1163,956,yes
56,housemaid,married,primary,7262,806,yes
77,admin.,married,tertiary,749,215,no
69,blue-collar,married,primary,3945,592,yes
23,entrepreneur,married,primary,4172,706,yes
71,admin.,single,secondary,-659,421,no
42,management,married,primary,3683,1366,yes
67,student,single,primary,2831,217,no
37,blue-collar,single,unknown,1379,414,no
53,entrepreneur,married,tertiary,5105,397,yes
40,management,single,unknown,2869,1415,yes
33,entrepreneur,single,primary,5068,876,yes
18,entrepreneur,married,primary,1439,280,no
70,retired,married,unknown,6906,446,yes
47,retired,divorced,primary,9259,867,yes
44,student,single,secondary,6857,1463,yes
69,blue-collar,single,unknown,4429,354,yes
19,retired,divorced,unknown,-529,158,no
65,management,divorced,tertiary,7059,637,yes
38,retired,married,unknown,2765,1425,yes
26,student,divorced,secondary,6826,196,yes
64,student,married,primary,6912,29,yes
41,admin.,married,unknown,7845,1371,yes
65,admin.,married,unknown,-539,382,no
58,admin.,single,tertiary,173,988,no
56,student,single,tertiary,667,76,no
59,entrepreneur,married,primary,2321,1472,yes
24,housemaid,divorced,unknown,7831,1095,yes
79,blue-collar,single,secondary,3369,795,yes
47,admin.,single,primary,7673,631,yes
62,blue-collar,divorced,secondary,7273,94,no
19,retired,single,unknown,3126,1439,yes
29,entrepreneur,divorced,primary,1793,1428,yes
30,blue-collar,divorced,tertiary,8299,185,yes
20,admin.,single,tertiary,5185,368,no
60,admin.,divorced,secondary,2785,840,no
75,student,divorced,primary,-750,300,no
57,entrepreneur,married,secondary,9626,139,yes
60,entrepreneur,married,tertiary,620,488,no
35,management,single,unknown,8910,657,yes
56,entrepreneur,divorced,tertiary,7457,541,yes
61,housemaid,single,unknown,-979,273,no
23,housemaid,single,secondary,1123,968,yes
77,admin.,married,secondary,510,512,no
59,retired,divorced,secondary,2852,1193,yes
69,entrepreneur,single,unknown,3775,918,yes
44,housemaid,single,secondary,6008,1114,yes
32,student,married,secondary,2422,1446,yes
69,housemaid,married,primary,7431,484,yes
32,student,married,unknown,7242,897,yes
36,management,single,secondary,2007,27,no
79,retired,divorced,secondary,7667,1102,yes
55,student,married,unknown,9196,917,yes
68,retired,married,unknown,-844,139,no
64,entrepreneur,divorced,tertiary,5342,947,yes
74,management,single,tertiary,6598,824,yes
37,retired,single,primary,3761,1343,yes
37,retired,divorced,secondary,9975,24,yes
35,student,married,unknown,1019,1219,yes
51,blue-collar,divorced,secondary,4237,1450,yes
56,management,single,tertiary,8878,1016,yes
54,retired,single,tertiary,6923,716,yes
52,blue-collar,married,tertiary,3170,712,no
55,blue-collar,married,unknown,4047,755,yes
55,retired,divorced,secondary,1414,441,no
18,student,single,unknown,9995,1099,yes
68,entrepreneur,single,secondary,1155,1114,yes
29,blue-collar,divorced,primary,9018,45,yes
22,blue-collar,married,tertiary,2757,756,yes
76,management,single,tertiary,-908,26,no
78,entrepreneur,single,tertiary,5243,523,no
44,student,married,tertiary,7862,42,yes
56,entrepreneur,single,unknown,1143,358,no
37,blue-collar,married,tertiary,7423,1413,yes
77,student,divorced,secondary,4971,517,yes
57,management,married,secondary,602,655,yes
36,management,married,tertiary,1951,948,yes
55,management,divorced,tertiary,8964,865,yes
32,management,single,unknown,9258,1300,yes
23,admin.,single,unknown,310,526,no
26,student,married,secondary,6967,807,yes
53,retired,married,secondary,5246,494,yes
65,blue-collar,divorced,primary,-842,1380,yes
40,blue-collar,divorced,secondary,2778,673,yes
27,blue-collar,single,primary,586,452,no
18,entrepreneur,single,tertiary,-623,387,yes
28,student,divorced,tertiary,2295,1023,yes
66,entrepreneur,married,tertiary,7905,972,yes
67,management,divorced,secondary,9415,582,yes
37,retired,single,secondary,9974,367,yes
45,student,married,tertiary,7929,547,yes
39,entrepreneur,divorced,unknown,1500,630,yes
37,housemaid,single,tertiary,863,1243,yes
64,student,married,primary,6888,815,yes
55,blue-collar,married,unknown,-509,1075,no
33,blue-collar,married,unknown,7113,825,yes
19,admin.,married,secondary,6501,22,no
42,admin.,married,secondary,8721,833,yes
44,housemaid,divorced,primary,6410,498,no
20,admin.,married,tertiary,6731,1220,yes
40,retired,divorced,tertiary,-55,1096,yes
49,management,married,secondary,7893,1369,yes
34,management,single,secondary,1484,564,no
57,student,married,tertiary,1755,754,yes
37,blue-collar,divorced,unknown,6628,84,no
47,management,single,primary,9059,774,yes
76,admin.,single,primary,6817,834,yes
45,housemaid,divorced,primary,2033,1182,yes
64,retired,single,secondary,-611,216,no
62,management,divorced,unknown,6834,702,yes
70,blue-collar,married,primary,8435,1274,yes
40,blue-collar,married,unknown,2347,685,yes
36,retired,divorced,secondary,-989,584,no
74,admin.,married,secondary,8708,903,yes
42,management,single,tertiary,620,1268,yes
41,admin.,married,unknown,8949,134,yes
18,blue-collar,married,unknown,7240,266,no
45,housemaid,single,unknown,8907,1125,yes
46,management,single,tertiary,5153,746,yes
61,student,married,primary,7178,1240,yes
67,housemaid,married,primary,7452,1450,yes
67,retired,married,secondary,7511,297,yes
52,management,divorced,tertiary,9468,1248,yes
67,blue-collar,divorced,unknown,927,647,yes
34,management,married,tertiary,5813,776,yes
28,blue-collar,married,secondary,1832,521,yes
54,entrepreneur,single,primary,5978,582,yes
71,blue-collar,married,primary,3116,377,yes
78,blue-collar,married,secondary,-985,1434,yes
24,retired,divorced,tertiary,9719,1234,yes
43,management,divorced,secondary,2866,294,no
40,housemaid,divorced,unknown,1345,72,no
35,blue-collar,single,unknown,8132,655,yes
46,management,married,secondary,7450,760,yes
56,blue-collar,divorced,unknown,63,773,yes
67,admin.,single,unknown,-725,370,no
51,admin.,married,primary,9983,1220,yes
77,admin.,married,tertiary,1566,380,no
55,admin.,single,primary,3922,1054,yes
71,housemaid,married,primary,930,950,yes
25,retired,single,tertiary,2582,950,no
38,blue-collar,single,primary,331,864,no
38,admin.,divorced,unknown,7066,812,yes
75,management,single,secondary,8748,1341,yes
66,admin.,divorced,secondary,-521,55,no
53,entrepreneur,married,tertiary,3509,203,no
34,entrepreneur,divorced,secondary,2046,1090,yes
75,retired,single,secondary,488,1490,yes
33,housemaid,divorced,secondary,7152,342,yes
70,student,married,secondary,1092,756,no
32,entrepreneur,divorced,primary,-171,875,yes
32,management,married,unknown,9126,1049,yes
57,admin.,single,unknown,6655,654,yes
34,entrepreneur,divorced,secondary,1700,753,yes
79,entrepreneur,married,tertiary,7335,159,yes
68,housemaid,married,primary,3930,1015,yes
18,entrepreneur,divorced,secondary,1804,811,yes
30,admin.,divorced,secondary,9078,891,yes
55,retired,divorced,tertiary,6990,835,yes
27,student,divorced,primary,5336,1246,yes
50,retired,divorced,secondary,9786,400,yes
43,retired,married,tertiary,7975,290,yes
29,student,single,primary,5016,548,yes
36,blue-collar,married,primary,3273,351,yes
32,admin.,divorced,secondary,5461,683,yes
70,entrepreneur,divorced,tertiary,6558,1370,yes
22,entrepreneur,single,tertiary,1198,1028,yes
19,student,divorced,secondary,7802,1108,yes
68,entrepreneur,single,secondary,7732,102,no
31,housemaid,divorced,secondary,9389,1029,yes
46,management,married,tertiary,6375,124,yes
58,admin.,single,primary,9501,1454,yes
78,retired,married,secondary,6889,122,no
18,entrepreneur,divorced,unknown,-588,1401,yes
30,student,married,unknown,6256,1093,yes
66,blue-collar,married,secondary,4868,1315,yes
77,housemaid,married,unknown,8975,246,yes
49,management,single,primary,4377,647,yes
51,entrepreneur,single,primary,8919,1078,yes
73,retired,single,unknown,4727,1230,yes
71,admin.,married,tertiary,427,733,yes
31,blue-collar,married,secondary,2510,508,no
69,retired,divorced,tertiary,637,458,no
72,housemaid,single,primary,3576,204,no
55,admin.,divorced,unknown,7371,1228,yes
74,student,married,secondary,2396,584,no
55,admin.,single,unknown,3677,591,yes
67,housemaid,divorced,unknown,4525,319,no
68,student,married,tertiary,6122,600,yes
58,admin.,married,tertiary,642,557,no
32,student,married,unknown,294,398,no
56,student,single,primary,8774,1468,yes
23,blue-collar,single,secondary,2536,809,yes
46,blue-collar,divorced,unknown,6787,670,yes
54,student,married,unknown,7555,794,yes
36,admin.,single,unknown,1116,1234,yes
69,entrepreneur,single,unknown,9547,543,yes
18,admin.,married,tertiary,1561,306,no
38,entrepreneur,married,tertiary,5039,836,yes
56,admin.,divorced,primary,6400,736,yes
35,retired,divorced,secondary,6868,340,yes
44,management,divorced,unknown,5265,643,yes
45,blue-collar,single,primary,1542,864,yes
25,admin.,single,tertiary,5720,1294,yes
48,blue-collar,single,secondary,3020,1088,yes
29,housemaid,single,primary,-117,1315,yes
59,management,single,secondary,172,781,no
23,entrepreneur,married,secondary,8976,884,yes
43,housemaid,divorced,secondary,6038,751,yes
33,management,divorced,tertiary,4595,647,no
47,housemaid,divorced,unknown,3674,451,yes
36,blue-collar,divorced,secondary,6738,1292,yes
35,retired,married,primary,9354,902,yes
41,management,single,secondary,9867,155,yes
62,housemaid,single,secondary,9286,400,yes
37,entrepreneur,single,tertiary,9513,382,yes
24,management,divorced,primary,7304,1078,yes
24,management,divorced,secondary,5688,1430,yes
33,housemaid,married,tertiary,5542,271,yes
79,retired,married,tertiary,7983,940,yes
75,student,single,unknown,315,755,no
74,student,single,unknown,9555,574,yes
59,student,single,unknown,2233,525,no
64,student,single,secondary,-950,694,no
31,admin.,single,secondary,-857,495,no
73,entrepreneur,single,secondary,2687,843,yes
29,entrepreneur,divorced,tertiary,4801,475,no
46,student,married,secondary,9767,475,yes
32,housemaid,married,tertiary,4252,31,no
25,retired,divorced,primary,4618,405,yes
56,blue-collar,single,secondary,3485,1242,yes
75,blue-collar,single,primary,6337,154,no
70,student,single,unknown,7151,429,yes
26,admin.,married,primary,9212,1382,yes
63,admin.,married,primary,7116,314,yes
45,housemaid,single,tertiary,2730,1010,yes
44,retired,single,tertiary,7940,53,yes
24,blue-collar,divorced,tertiary,8066,116,yes
61,entrepreneur,single,tertiary,1944,159,no
31,retired,divorced,unknown,3803,1297,yes
28,blue-collar,single,primary,208,119,no
49,retired,single,unknown,2733,1051,yes
68,housemaid,single,unknown,-787,759,yes
45,blue-collar,divorced,tertiary,5566,1369,yes
23,management,divorced,primary,818,248,no
52,student,divorced,primary,2494,733,yes
23,housemaid,married,unknown,-515,752,no
78,management,married,tertiary,6544,337,yes
41,retired,single,unknown,2015,871,yes
26,housemaid,divorced,primary,2479,1327,yes
19,entrepreneur,divorced,tertiary,5929,1446,yes
55,housemaid,single,unknown,5414,470,yes
31,housemaid,single,primary,4216,1114,yes
68,student,single,secondary,3937,1288,yes
48,housemaid,single,tertiary,2118,753,yes
79,housemaid,divorced,primary,-337,372,no
47,admin.,married,tertiary,23,1490,yes
72,management,divorced,primary,5316,907,yes
44,housemaid,married,tertiary,3442,452,no
53,housemaid,single,secondary,-764,895,no
63,retired,married,unknown,5686,993,yes
48,admin.,divorced,unknown,2343,1271,yes
70,blue-collar,divorced,unknown,5550,270,yes
59,retired,divorced,secondary,1125,1306,yes
23,retired,divorced,tertiary,6958,289,yes
60,student,divorced,tertiary,2217,935,yes
62,student,divorced,primary,955,955,yes
73,admin.,single,primary,5155,1183,yes
35,admin.,married,tertiary,6927,161,no
69,student,single,secondary,-772,803,yes
31,admin.,married,secondary,3938,1045,yes
76,retired,married,unknown,4060,23,no
37,retired,married,unknown,5815,960,yes
71,student,divorced,unknown,1886,876,yes
69,housemaid,divorced,tertiary,5874,454,yes
28,admin.,divorced,primary,6605,1351,yes
70,admin.,married,tertiary,1819,808,yes
54,student,married,tertiary,1989,741,yes
57,retired,married,secondary,8278,247,no
21,retired,single,secondary,6138,548,yes
61,admin.,divorced,primary,993,778,no
23,housemaid,divorced,primary,2045,818,no
40,entrepreneur,divorced,tertiary,5193,771,yes
73,entrepreneur,single,tertiary,2305,83,no
74,blue-collar,single,tertiary,992,1467,yes
75,housemaid,single,tertiary,2599,1331,yes
25,retired,married,secondary,2587,305,no
47,admin.,single,unknown,305,23,no
53,student,married,unknown,5363,621,yes
