CustomerID,InvoiceDate,Description,Quantity,UnitPrice,Country
10061,2023-01-01 00:00:00.000000,KNITTED UNION FLAG HOT WATER BOTTLE,16,5.76,United Kingdom
10959,2023-01-01 08:44:41.081081,WHITE HANGING HEART T-LIGHT HOLDER,29,0.8,EIRE
10900,2023-01-01 17:29:22.162162,WHITE HANGING HEART T-LIGHT HOLDER,37,11.42,United Kingdom
10565,2023-01-02 02:14:03.243243,WHITE METAL LANTERN,44,12.04,Germany
10816,2023-01-02 10:58:44.324324,KNITTED UNION FLAG HOT WATER BOTTLE,4,6.47,France
10006,2023-01-02 19:43:25.405405,CREAM CUPID HEARTS COAT HANGER,14,14.78,United Kingdom
10867,2023-01-03 04:28:06.486486,CREAM CUPID HEARTS COAT HANGER,17,10.35,Germany
10514,2023-01-03 13:12:47.567567,WHITE HANGING HEART T-LIGHT HOLDER,44,11.28,United Kingdom
10331,2023-01-03 21:57:28.648648,WHITE HANGING HEART T-LIGHT HOLDER,45,3.29,United Kingdom
10378,2023-01-04 06:42:09.729729,CREAM CUPID HEARTS COAT HANGER,17,12.64,United Kingdom
10444,2023-01-04 15:26:50.810810,WHITE METAL LANTERN,20,14.2,United Kingdom
10334,2023-01-05 00:11:31.891891,KNITTED UNION FLAG HOT WATER BOTTLE,47,3.93,United Kingdom
10467,2023-01-05 08:56:12.972972,CREAM CUPID HEARTS COAT HANGER,29,10.45,United Kingdom
10936,2023-01-05 17:40:54.054054,KNITTED UNION FLAG HOT WATER BOTTLE,41,11.33,United Kingdom
10660,2023-01-06 02:25:35.135135,CREAM CUPID HEARTS COAT HANGER,26,4.92,Germany
10287,2023-01-06 11:10:16.216216,WHITE HANGING HEART T-LIGHT HOLDER,42,7.39,EIRE
10011,2023-01-06 19:54:57.297297,KNITTED UNION FLAG HOT WATER BOTTLE,38,1.91,United Kingdom
10996,2023-01-07 04:39:38.378378,WHITE METAL LANTERN,17,3.01,United Kingdom
10103,2023-01-07 13:24:19.459459,KNITTED UNION FLAG HOT WATER BOTTLE,12,1.39,United Kingdom
10622,2023-01-07 22:09:00.540540,KNITTED UNION FLAG HOT WATER BOTTLE,28,8.62,United Kingdom
10262,2023-01-08 06:53:41.621621,CREAM CUPID HEARTS COAT HANGER,9,9.57,United Kingdom
10434,2023-01-08 15:38:22.702702,WHITE METAL LANTERN,32,13.78,United Kingdom
10172,2023-01-09 00:23:03.783783,WHITE HANGING HEART T-LIGHT HOLDER,34,8.36,United Kingdom
10606,2023-01-09 09:07:44.864864,KNITTED UNION FLAG HOT WATER BOTTLE,16,4.28,United Kingdom
10320,2023-01-09 17:52:25.945945,KNITTED UNION FLAG HOT WATER BOTTLE,48,1.36,France
10955,2023-01-10 02:37:07.027027,CREAM CUPID HEARTS COAT HANGER,31,13.33,United Kingdom
10714,2023-01-10 11:21:48.108108,WHITE HANGING HEART T-LIGHT HOLDER,27,7.44,United Kingdom
10044,2023-01-10 20:06:29.189189,CREAM CUPID HEARTS COAT HANGER,29,11.19,United Kingdom
10545,2023-01-11 04:51:10.270270,WHITE METAL LANTERN,1,0.71,United Kingdom
10210,2023-01-11 13:35:51.351351,WHITE HANGING HEART T-LIGHT HOLDER,27,7.58,United Kingdom
10906,2023-01-11 22:20:32.432432,WHITE METAL LANTERN,32,5.22,France
10736,2023-01-12 07:05:13.513513,CREAM CUPID HEARTS COAT HANGER,11,0.94,Germany
10416,2023-01-12 15:49:54.594594,WHITE HANGING HEART T-LIGHT HOLDER,35,11.75,United Kingdom
10263,2023-01-13 00:34:35.675675,WHITE METAL LANTERN,2,7.94,Germany
10300,2023-01-13 09:19:16.756756,WHITE METAL LANTERN,46,5.33,United Kingdom
10455,2023-01-13 18:03:57.837837,CREAM CUPID HEARTS COAT HANGER,1,12.18,United Kingdom
10225,2023-01-14 02:48:38.918918,WHITE HANGING HEART T-LIGHT HOLDER,6,6.98,United Kingdom
10103,2023-01-14 11:33:20.000000,WHITE METAL LANTERN,7,0.55,United Kingdom
10986,2023-01-14 20:18:01.081081,KNITTED UNION FLAG HOT WATER BOTTLE,2,14.19,United Kingdom
10220,2023-01-15 05:02:42.162162,WHITE HANGING HEART T-LIGHT HOLDER,2,4.21,Germany
10333,2023-01-15 13:47:23.243243,WHITE HANGING HEART T-LIGHT HOLDER,47,12.54,United Kingdom
10417,2023-01-15 22:32:04.324324,KNITTED UNION FLAG HOT WATER BOTTLE,5,12.34,United Kingdom
10300,2023-01-16 07:16:45.405405,WHITE HANGING HEART T-LIGHT HOLDER,13,2.85,United Kingdom
10634,2023-01-16 16:01:26.486486,WHITE HANGING HEART T-LIGHT HOLDER,19,7.37,United Kingdom
10484,2023-01-17 00:46:07.567567,KNITTED UNION FLAG HOT WATER BOTTLE,19,1.08,United Kingdom
10960,2023-01-17 09:30:48.648648,CREAM CUPID HEARTS COAT HANGER,47,5.64,United Kingdom
10456,2023-01-17 18:15:29.729729,WHITE METAL LANTERN,1,11.1,United Kingdom
10435,2023-01-18 03:00:10.810810,KNITTED UNION FLAG HOT WATER BOTTLE,35,3.94,United Kingdom
10393,2023-01-18 11:44:51.891891,WHITE HANGING HEART T-LIGHT HOLDER,18,2.2,United Kingdom
10733,2023-01-18 20:29:32.972972,WHITE METAL LANTERN,49,7.85,United Kingdom
10042,2023-01-19 05:14:14.054054,WHITE METAL LANTERN,32,8.29,United Kingdom
10209,2023-01-19 13:58:55.135135,WHITE METAL LANTERN,32,10.3,United Kingdom
10848,2023-01-19 22:43:36.216216,CREAM CUPID HEARTS COAT HANGER,8,11.51,United Kingdom
10965,2023-01-20 07:28:17.297297,WHITE HANGING HEART T-LIGHT HOLDER,11,10.59,United Kingdom
10010,2023-01-20 16:12:58.378378,WHITE HANGING HEART T-LIGHT HOLDER,20,12.76,United Kingdom
10215,2023-01-21 00:57:39.459459,WHITE METAL LANTERN,8,3.73,United Kingdom
10163,2023-01-21 09:42:20.540540,WHITE METAL LANTERN,28,8.76,United Kingdom
10224,2023-01-21 18:27:01.621621,CREAM CUPID HEARTS COAT HANGER,21,5.72,Germany
10736,2023-01-22 03:11:42.702702,CREAM CUPID HEARTS COAT HANGER,38,14.45,EIRE
10245,2023-01-22 11:56:23.783783,WHITE METAL LANTERN,38,6.88,United Kingdom
10657,2023-01-22 20:41:04.864864,WHITE HANGING HEART T-LIGHT HOLDER,6,14.42,United Kingdom
10702,2023-01-23 05:25:45.945945,KNITTED UNION FLAG HOT WATER BOTTLE,2,11.65,United Kingdom
10772,2023-01-23 14:10:27.027027,CREAM CUPID HEARTS COAT HANGER,10,10.92,United Kingdom
10798,2023-01-23 22:55:08.108108,WHITE HANGING HEART T-LIGHT HOLDER,42,7.63,United Kingdom
10015,2023-01-24 07:39:49.189189,CREAM CUPID HEARTS COAT HANGER,9,6.93,United Kingdom
10193,2023-01-24 16:24:30.270270,WHITE HANGING HEART T-LIGHT HOLDER,3,8.13,United Kingdom
10008,2023-01-25 01:09:11.351351,WHITE METAL LANTERN,2,4.76,United Kingdom
10513,2023-01-25 09:53:52.432432,CREAM CUPID HEARTS COAT HANGER,36,13.62,EIRE
10292,2023-01-25 18:38:33.513513,KNITTED UNION FLAG HOT WATER BOTTLE,8,12.02,United Kingdom
10083,2023-01-26 03:23:14.594594,WHITE METAL LANTERN,9,12.12,United Kingdom
10954,2023-01-26 12:07:55.675675,CREAM CUPID HEARTS COAT HANGER,26,6.78,Germany
10208,2023-01-26 20:52:36.756756,WHITE METAL LANTERN,34,1.53,United Kingdom
10057,2023-01-27 05:37:17.837837,KNITTED UNION FLAG HOT WATER BOTTLE,48,10.4,Germany
10984,2023-01-27 14:21:58.918918,CREAM CUPID HEARTS COAT HANGER,30,5.93,United Kingdom
10850,2023-01-27 23:06:40.000000,CREAM CUPID HEARTS COAT HANGER,38,13.12,EIRE
10511,2023-01-28 07:51:21.081081,CREAM CUPID HEARTS COAT HANGER,8,11.81,EIRE
10617,2023-01-28 16:36:02.162162,WHITE HANGING HEART T-LIGHT HOLDER,3,2.61,United Kingdom
10647,2023-01-29 01:20:43.243243,WHITE HANGING HEART T-LIGHT HOLDER,11,9.22,France
10819,2023-01-29 10:05:24.324324,CREAM CUPID HEARTS COAT HANGER,25,10.54,United Kingdom
10330,2023-01-29 18:50:05.405405,WHITE METAL LANTERN,5,8.74,United Kingdom
10460,2023-01-30 03:34:46.486486,WHITE METAL LANTERN,12,7.95,United Kingdom
10588,2023-01-30 12:19:27.567567,CREAM CUPID HEARTS COAT HANGER,30,3.8,United Kingdom
10968,2023-01-30 21:04:08.648648,KNITTED UNION FLAG HOT WATER BOTTLE,27,3.92,United Kingdom
10324,2023-01-31 05:48:49.729729,KNITTED UNION FLAG HOT WATER BOTTLE,43,11.64,United Kingdom
10209,2023-01-31 14:33:30.810810,KNITTED UNION FLAG HOT WATER BOTTLE,5,0.77,United Kingdom
10743,2023-01-31 23:18:11.891891,WHITE HANGING HEART T-LIGHT HOLDER,20,11.79,United Kingdom
10124,2023-02-01 08:02:52.972972,WHITE HANGING HEART T-LIGHT HOLDER,21,8.14,EIRE
10691,2023-02-01 16:47:34.054054,WHITE HANGING HEART T-LIGHT HOLDER,3,14.08,United Kingdom
10461,2023-02-02 01:32:15.135135,WHITE HANGING HEART T-LIGHT HOLDER,41,14.96,United Kingdom
10289,2023-02-02 10:16:56.216216,WHITE METAL LANTERN,44,10.12,United Kingdom
10213,2023-02-02 19:01:37.297297,CREAM CUPID HEARTS COAT HANGER,4,6.48,Germany
10431,2023-02-03 03:46:18.378378,CREAM CUPID HEARTS COAT HANGER,24,7.39,United Kingdom
10096,2023-02-03 12:30:59.459459,CREAM CUPID HEARTS COAT HANGER,7,3.46,United Kingdom
10919,2023-02-03 21:15:40.540540,WHITE METAL LANTERN,24,1.94,United Kingdom
10248,2023-02-04 06:00:21.621621,KNITTED UNION FLAG HOT WATER BOTTLE,11,8.89,United Kingdom
10502,2023-02-04 14:45:02.702702,KNITTED UNION FLAG HOT WATER BOTTLE,2,12.18,United Kingdom
10732,2023-02-04 23:29:43.783783,WHITE HANGING HEART T-LIGHT HOLDER,44,4.3,United Kingdom
10524,2023-02-05 08:14:24.864864,WHITE HANGING HEART T-LIGHT HOLDER,41,6.58,United Kingdom
10504,2023-02-05 16:59:05.945945,WHITE METAL LANTERN,6,8.54,United Kingdom
10817,2023-02-06 01:43:47.027027,WHITE METAL LANTERN,7,13.66,United Kingdom
10090,2023-02-06 10:28:28.108108,KNITTED UNION FLAG HOT WATER BOTTLE,38,2.51,United Kingdom
10704,2023-02-06 19:13:09.189189,CREAM CUPID HEARTS COAT HANGER,18,3.93,United Kingdom
10710,2023-02-07 03:57:50.270270,CREAM CUPID HEARTS COAT HANGER,45,13.82,United Kingdom
10771,2023-02-07 12:42:31.351351,WHITE METAL LANTERN,9,1.07,United Kingdom
10575,2023-02-07 21:27:12.432432,WHITE METAL LANTERN,28,10.01,United Kingdom
10841,2023-02-08 06:11:53.513513,WHITE METAL LANTERN,19,9.77,United Kingdom
10743,2023-02-08 14:56:34.594594,WHITE HANGING HEART T-LIGHT HOLDER,4,6.06,United Kingdom
10738,2023-02-08 23:41:15.675675,CREAM CUPID HEARTS COAT HANGER,4,7.29,United Kingdom
10166,2023-02-09 08:25:56.756756,WHITE METAL LANTERN,13,12.9,United Kingdom
10250,2023-02-09 17:10:37.837837,WHITE METAL LANTERN,28,2.89,Germany
10446,2023-02-10 01:55:18.918918,WHITE HANGING HEART T-LIGHT HOLDER,11,3.86,United Kingdom
10185,2023-02-10 10:40:00.000000,WHITE METAL LANTERN,2,7.93,France
10248,2023-02-10 19:24:41.081081,CREAM CUPID HEARTS COAT HANGER,6,6.44,United Kingdom
10783,2023-02-11 04:09:22.162162,WHITE HANGING HEART T-LIGHT HOLDER,12,8.83,United Kingdom
10986,2023-02-11 12:54:03.243243,WHITE METAL LANTERN,40,13.85,United Kingdom
10339,2023-02-11 21:38:44.324324,CREAM CUPID HEARTS COAT HANGER,37,13.8,United Kingdom
10445,2023-02-12 06:23:25.405405,CREAM CUPID HEARTS COAT HANGER,24,3.84,United Kingdom
10137,2023-02-12 15:08:06.486486,WHITE HANGING HEART T-LIGHT HOLDER,9,4.88,Germany
10108,2023-02-12 23:52:47.567567,CREAM CUPID HEARTS COAT HANGER,26,2.85,United Kingdom
10829,2023-02-13 08:37:28.648648,WHITE HANGING HEART T-LIGHT HOLDER,4,13.95,United Kingdom
10416,2023-02-13 17:22:09.729729,CREAM CUPID HEARTS COAT HANGER,41,6.27,Germany
10966,2023-02-14 02:06:50.810810,WHITE METAL LANTERN,44,7.02,United Kingdom
10425,2023-02-14 10:51:31.891891,WHITE HANGING HEART T-LIGHT HOLDER,4,12.14,United Kingdom
10043,2023-02-14 19:36:12.972972,CREAM CUPID HEARTS COAT HANGER,49,7.94,EIRE
10941,2023-02-15 04:20:54.054054,WHITE HANGING HEART T-LIGHT HOLDER,34,2.24,United Kingdom
10341,2023-02-15 13:05:35.135135,CREAM CUPID HEARTS COAT HANGER,22,6.85,United Kingdom
10848,2023-02-15 21:50:16.216216,WHITE HANGING HEART T-LIGHT HOLDER,13,9.64,United Kingdom
10200,2023-02-16 06:34:57.297297,WHITE METAL LANTERN,15,10.93,United Kingdom
10377,2023-02-16 15:19:38.378378,WHITE HANGING HEART T-LIGHT HOLDER,40,9.86,United Kingdom
10103,2023-02-17 00:04:19.459459,WHITE HANGING HEART T-LIGHT HOLDER,38,2.23,United Kingdom
10457,2023-02-17 08:49:00.540540,WHITE METAL LANTERN,41,4.91,United Kingdom
10995,2023-02-17 17:33:41.621621,CREAM CUPID HEARTS COAT HANGER,43,11.14,United Kingdom
10990,2023-02-18 02:18:22.702702,KNITTED UNION FLAG HOT WATER BOTTLE,44,13.26,EIRE
10414,2023-02-18 11:03:03.783783,WHITE METAL LANTERN,2,1.18,Germany
10900,2023-02-18 19:47:44.864864,WHITE HANGING HEART T-LIGHT HOLDER,2,1.11,United Kingdom
10631,2023-02-19 04:32:25.945945,WHITE METAL LANTERN,43,9.83,United Kingdom
10401,2023-02-19 13:17:07.027027,WHITE METAL LANTERN,8,8.45,United Kingdom
10389,2023-02-19 22:01:48.108108,WHITE HANGING HEART T-LIGHT HOLDER,38,2.75,United Kingdom
10361,2023-02-20 06:46:29.189189,WHITE HANGING HEART T-LIGHT HOLDER,18,8.45,France
10433,2023-02-20 15:31:10.270270,KNITTED UNION FLAG HOT WATER BOTTLE,29,14.63,EIRE
10382,2023-02-21 00:15:51.351351,WHITE METAL LANTERN,11,9.65,United Kingdom
10027,2023-02-21 09:00:32.432432,WHITE HANGING HEART T-LIGHT HOLDER,6,7.01,United Kingdom
10106,2023-02-21 17:45:13.513513,CREAM CUPID HEARTS COAT HANGER,9,12.5,United Kingdom
10791,2023-02-22 02:29:54.594594,CREAM CUPID HEARTS COAT HANGER,22,3.59,United Kingdom
10964,2023-02-22 11:14:35.675675,CREAM CUPID HEARTS COAT HANGER,46,6.51,United Kingdom
10539,2023-02-22 19:59:16.756756,CREAM CUPID HEARTS COAT HANGER,25,8.15,United Kingdom
10185,2023-02-23 04:43:57.837837,WHITE METAL LANTERN,31,7.82,France
10194,2023-02-23 13:28:38.918918,WHITE METAL LANTERN,21,13.85,United Kingdom
10145,2023-02-23 22:13:20.000000,KNITTED UNION FLAG HOT WATER BOTTLE,38,4.74,United Kingdom
10771,2023-02-24 06:58:01.081081,WHITE METAL LANTERN,19,1.32,United Kingdom
10871,2023-02-24 15:42:42.162162,WHITE HANGING HEART T-LIGHT HOLDER,10,13.79,EIRE
10688,2023-02-25 00:27:23.243243,KNITTED UNION FLAG HOT WATER BOTTLE,46,3.65,United Kingdom
10127,2023-02-25 09:12:04.324324,WHITE METAL LANTERN,37,6.0,United Kingdom
10895,2023-02-25 17:56:45.405405,WHITE METAL LANTERN,12,8.2,France
10105,2023-02-26 02:41:26.486486,WHITE HANGING HEART T-LIGHT HOLDER,19,14.65,United Kingdom
10415,2023-02-26 11:26:07.567567,WHITE HANGING HEART T-LIGHT HOLDER,2,8.26,United Kingdom
10351,2023-02-26 20:10:48.648648,WHITE HANGING HEART T-LIGHT HOLDER,15,6.99,United Kingdom
10382,2023-02-27 04:55:29.729729,CREAM CUPID HEARTS COAT HANGER,38,8.96,United Kingdom
10722,2023-02-27 13:40:10.810810,WHITE METAL LANTERN,8,14.58,United Kingdom
10348,2023-02-27 22:24:51.891891,WHITE METAL LANTERN,46,12.36,United Kingdom
10480,2023-02-28 07:09:32.972972,WHITE METAL LANTERN,35,2.95,United Kingdom
10833,2023-02-28 15:54:14.054054,KNITTED UNION FLAG HOT WATER BOTTLE,38,12.15,United Kingdom
10313,2023-03-01 00:38:55.135135,KNITTED UNION FLAG HOT WATER BOTTLE,43,12.7,United Kingdom
10522,2023-03-01 09:23:36.216216,KNITTED UNION FLAG HOT WATER BOTTLE,30,10.52,France
10878,2023-03-01 18:08:17.297297,KNITTED UNION FLAG HOT WATER BOTTLE,9,10.03,United Kingdom
10992,2023-03-02 02:52:58.378378,KNITTED UNION FLAG HOT WATER BOTTLE,30,6.89,United Kingdom
10359,2023-03-02 11:37:39.459459,WHITE HANGING HEART T-LIGHT HOLDER,49,9.8,United Kingdom
10320,2023-03-02 20:22:20.540540,KNITTED UNION FLAG HOT WATER BOTTLE,19,11.19,United Kingdom
10383,2023-03-03 05:07:01.621621,WHITE METAL LANTERN,29,2.28,United Kingdom
10016,2023-03-03 13:51:42.702702,CREAM CUPID HEARTS COAT HANGER,2,4.23,United Kingdom
10369,2023-03-03 22:36:23.783783,WHITE METAL LANTERN,28,3.31,United Kingdom
10847,2023-03-04 07:21:04.864864,WHITE METAL LANTERN,8,12.7,France
10065,2023-03-04 16:05:45.945945,WHITE HANGING HEART T-LIGHT HOLDER,25,10.36,United Kingdom
10885,2023-03-05 00:50:27.027027,CREAM CUPID HEARTS COAT HANGER,10,7.04,France
10112,2023-03-05 09:35:08.108108,WHITE METAL LANTERN,22,12.48,United Kingdom
10643,2023-03-05 18:19:49.189189,WHITE HANGING HEART T-LIGHT HOLDER,35,10.89,United Kingdom
10415,2023-03-06 03:04:30.270270,CREAM CUPID HEARTS COAT HANGER,42,13.75,United Kingdom
10070,2023-03-06 11:49:11.351351,CREAM CUPID HEARTS COAT HANGER,24,1.61,United Kingdom
10924,2023-03-06 20:33:52.432432,WHITE HANGING HEART T-LIGHT HOLDER,26,7.88,United Kingdom
10060,2023-03-07 05:18:33.513513,KNITTED UNION FLAG HOT WATER BOTTLE,31,10.75,United Kingdom
10443,2023-03-07 14:03:14.594594,WHITE HANGING HEART T-LIGHT HOLDER,23,3.51,United Kingdom
10968,2023-03-07 22:47:55.675675,WHITE HANGING HEART T-LIGHT HOLDER,2,5.24,United Kingdom
10313,2023-03-08 07:32:36.756756,KNITTED UNION FLAG HOT WATER BOTTLE,39,6.58,United Kingdom
10482,2023-03-08 16:17:17.837837,WHITE HANGING HEART T-LIGHT HOLDER,33,12.02,United Kingdom
10243,2023-03-09 01:01:58.918918,WHITE HANGING HEART T-LIGHT HOLDER,24,7.66,United Kingdom
10820,2023-03-09 09:46:40.000000,WHITE HANGING HEART T-LIGHT HOLDER,12,7.65,United Kingdom
10516,2023-03-09 18:31:21.081081,WHITE METAL LANTERN,37,6.75,France
10369,2023-03-10 03:16:02.162162,WHITE HANGING HEART T-LIGHT HOLDER,9,3.81,United Kingdom
10316,2023-03-10 12:00:43.243243,WHITE HANGING HEART T-LIGHT HOLDER,44,13.88,United Kingdom
10020,2023-03-10 20:45:24.324324,CREAM CUPID HEARTS COAT HANGER,43,5.11,United Kingdom
10697,2023-03-11 05:30:05.405405,CREAM CUPID HEARTS COAT HANGER,44,8.73,United Kingdom
10720,2023-03-11 14:14:46.486486,CREAM CUPID HEARTS COAT HANGER,3,2.66,United Kingdom
10230,2023-03-11 22:59:27.567567,WHITE HANGING HEART T-LIGHT HOLDER,44,6.8,United Kingdom
10525,2023-03-12 07:44:08.648648,KNITTED UNION FLAG HOT WATER BOTTLE,23,13.61,United Kingdom
10863,2023-03-12 16:28:49.729729,WHITE HANGING HEART T-LIGHT HOLDER,24,14.93,United Kingdom
10590,2023-03-13 01:13:30.810810,WHITE METAL LANTERN,33,5.75,United Kingdom
10468,2023-03-13 09:58:11.891891,WHITE METAL LANTERN,30,2.73,United Kingdom
10693,2023-03-13 18:42:52.972972,WHITE METAL LANTERN,38,5.06,United Kingdom
10077,2023-03-14 03:27:34.054054,WHITE METAL LANTERN,43,5.25,United Kingdom
10808,2023-03-14 12:12:15.135135,WHITE HANGING HEART T-LIGHT HOLDER,2,9.85,United Kingdom
10783,2023-03-14 20:56:56.216216,CREAM CUPID HEARTS COAT HANGER,40,7.69,United Kingdom
10562,2023-03-15 05:41:37.297297,WHITE HANGING HEART T-LIGHT HOLDER,22,11.64,United Kingdom
10768,2023-03-15 14:26:18.378378,WHITE HANGING HEART T-LIGHT HOLDER,11,10.67,United Kingdom
10807,2023-03-15 23:10:59.459459,WHITE HANGING HEART T-LIGHT HOLDER,12,4.14,United Kingdom
10529,2023-03-16 07:55:40.540540,WHITE HANGING HEART T-LIGHT HOLDER,19,11.87,United Kingdom
10289,2023-03-16 16:40:21.621621,KNITTED UNION FLAG HOT WATER BOTTLE,20,12.79,France
10217,2023-03-17 01:25:02.702702,CREAM CUPID HEARTS COAT HANGER,9,9.18,United Kingdom
10956,2023-03-17 10:09:43.783783,CREAM CUPID HEARTS COAT HANGER,43,13.95,United Kingdom
10099,2023-03-17 18:54:24.864864,WHITE METAL LANTERN,18,11.85,United Kingdom
10148,2023-03-18 03:39:05.945945,WHITE HANGING HEART T-LIGHT HOLDER,41,9.13,EIRE
10384,2023-03-18 12:23:47.027027,WHITE METAL LANTERN,47,13.64,United Kingdom
10154,2023-03-18 21:08:28.108108,CREAM CUPID HEARTS COAT HANGER,18,9.21,United Kingdom
10946,2023-03-19 05:53:09.189189,CREAM CUPID HEARTS COAT HANGER,40,8.06,United Kingdom
10394,2023-03-19 14:37:50.270270,WHITE METAL LANTERN,36,5.67,United Kingdom
10375,2023-03-19 23:22:31.351351,CREAM CUPID HEARTS COAT HANGER,27,13.3,United Kingdom
10101,2023-03-20 08:07:12.432432,CREAM CUPID HEARTS COAT HANGER,13,2.28,United Kingdom
10626,2023-03-20 16:51:53.513513,KNITTED UNION FLAG HOT WATER BOTTLE,47,7.37,United Kingdom
10781,2023-03-21 01:36:34.594594,WHITE HANGING HEART T-LIGHT HOLDER,8,8.29,EIRE
10091,2023-03-21 10:21:15.675675,WHITE HANGING HEART T-LIGHT HOLDER,48,8.54,EIRE
10950,2023-03-21 19:05:56.756756,CREAM CUPID HEARTS COAT HANGER,43,9.95,United Kingdom
10410,2023-03-22 03:50:37.837837,CREAM CUPID HEARTS COAT HANGER,23,7.83,United Kingdom
10405,2023-03-22 12:35:18.918918,KNITTED UNION FLAG HOT WATER BOTTLE,13,4.22,France
10020,2023-03-22 21:20:00.000000,WHITE METAL LANTERN,7,12.93,France
10631,2023-03-23 06:04:41.081081,KNITTED UNION FLAG HOT WATER BOTTLE,40,10.03,Germany
10407,2023-03-23 14:49:22.162162,KNITTED UNION FLAG HOT WATER BOTTLE,2,12.94,United Kingdom
10018,2023-03-23 23:34:03.243243,WHITE METAL LANTERN,3,4.5,United Kingdom
10535,2023-03-24 08:18:44.324324,CREAM CUPID HEARTS COAT HANGER,42,9.74,United Kingdom
10537,2023-03-24 17:03:25.405405,WHITE HANGING HEART T-LIGHT HOLDER,39,10.86,Germany
10152,2023-03-25 01:48:06.486486,KNITTED UNION FLAG HOT WATER BOTTLE,23,6.06,United Kingdom
10300,2023-03-25 10:32:47.567567,KNITTED UNION FLAG HOT WATER BOTTLE,7,12.28,United Kingdom
10875,2023-03-25 19:17:28.648648,WHITE HANGING HEART T-LIGHT HOLDER,4,0.54,United Kingdom
10412,2023-03-26 04:02:09.729729,KNITTED UNION FLAG HOT WATER BOTTLE,8,9.13,United Kingdom
10201,2023-03-26 12:46:50.810810,WHITE METAL LANTERN,32,9.4,Germany
10138,2023-03-26 21:31:31.891891,WHITE HANGING HEART T-LIGHT HOLDER,19,8.24,United Kingdom
10791,2023-03-27 06:16:12.972972,WHITE HANGING HEART T-LIGHT HOLDER,12,9.64,United Kingdom
10023,2023-03-27 15:00:54.054054,WHITE METAL LANTERN,10,2.92,EIRE
10011,2023-03-27 23:45:35.135135,WHITE METAL LANTERN,14,10.43,United Kingdom
10134,2023-03-28 08:30:16.216216,WHITE HANGING HEART T-LIGHT HOLDER,27,5.37,France
10935,2023-03-28 17:14:57.297297,WHITE METAL LANTERN,44,7.05,United Kingdom
10080,2023-03-29 01:59:38.378378,KNITTED UNION FLAG HOT WATER BOTTLE,21,5.33,United Kingdom
10354,2023-03-29 10:44:19.459459,CREAM CUPID HEARTS COAT HANGER,20,7.37,United Kingdom
10069,2023-03-29 19:29:00.540540,KNITTED UNION FLAG HOT WATER BOTTLE,4,9.51,United Kingdom
10203,2023-03-30 04:13:41.621621,WHITE METAL LANTERN,19,12.66,United Kingdom
10590,2023-03-30 12:58:22.702702,KNITTED UNION FLAG HOT WATER BOTTLE,29,7.51,EIRE
10991,2023-03-30 21:43:03.783783,CREAM CUPID HEARTS COAT HANGER,7,5.19,United Kingdom
10278,2023-03-31 06:27:44.864864,CREAM CUPID HEARTS COAT HANGER,33,7.58,United Kingdom
10710,2023-03-31 15:12:25.945945,CREAM CUPID HEARTS COAT HANGER,8,10.49,Germany
10378,2023-03-31 23:57:07.027027,WHITE METAL LANTERN,11,5.53,United Kingdom
10293,2023-04-01 08:41:48.108108,WHITE METAL LANTERN,33,6.51,United Kingdom
10414,2023-04-01 17:26:29.189189,WHITE METAL LANTERN,25,8.66,United Kingdom
10796,2023-04-02 02:11:10.270270,CREAM CUPID HEARTS COAT HANGER,33,4.76,United Kingdom
10427,2023-04-02 10:55:51.351351,WHITE METAL LANTERN,36,3.53,United Kingdom
10155,2023-04-02 19:40:32.432432,WHITE HANGING HEART T-LIGHT HOLDER,26,2.54,Germany
10587,2023-04-03 04:25:13.513513,KNITTED UNION FLAG HOT WATER BOTTLE,36,5.61,United Kingdom
10730,2023-04-03 13:09:54.594594,KNITTED UNION FLAG HOT WATER BOTTLE,11,1.2,United Kingdom
10835,2023-04-03 21:54:35.675675,WHITE HANGING HEART T-LIGHT HOLDER,30,8.96,United Kingdom
10276,2023-04-04 06:39:16.756756,WHITE METAL LANTERN,33,3.05,United Kingdom
10264,2023-04-04 15:23:57.837837,KNITTED UNION FLAG HOT WATER BOTTLE,10,5.97,United Kingdom
10048,2023-04-05 00:08:38.918918,CREAM CUPID HEARTS COAT HANGER,29,4.4,United Kingdom
10609,2023-04-05 08:53:20.000000,KNITTED UNION FLAG HOT WATER BOTTLE,25,9.64,France
10292,2023-04-05 17:38:01.081081,KNITTED UNION FLAG HOT WATER BOTTLE,32,12.83,United Kingdom
10020,2023-04-06 02:22:42.162162,KNITTED UNION FLAG HOT WATER BOTTLE,4,9.68,United Kingdom
10443,2023-04-06 11:07:23.243243,WHITE METAL LANTERN,39,8.37,France
10534,2023-04-06 19:52:04.324324,WHITE HANGING HEART T-LIGHT HOLDER,34,10.2,United Kingdom
10471,2023-04-07 04:36:45.405405,KNITTED UNION FLAG HOT WATER BOTTLE,22,0.93,United Kingdom
10137,2023-04-07 13:21:26.486486,CREAM CUPID HEARTS COAT HANGER,13,2.28,United Kingdom
10229,2023-04-07 22:06:07.567567,KNITTED UNION FLAG HOT WATER BOTTLE,36,1.88,United Kingdom
10837,2023-04-08 06:50:48.648648,WHITE METAL LANTERN,6,1.92,United Kingdom
10404,2023-04-08 15:35:29.729729,WHITE METAL LANTERN,17,4.28,United Kingdom
10356,2023-04-09 00:20:10.810810,CREAM CUPID HEARTS COAT HANGER,26,8.21,United Kingdom
10540,2023-04-09 09:04:51.891891,KNITTED UNION FLAG HOT WATER BOTTLE,24,2.16,United Kingdom
10826,2023-04-09 17:49:32.972972,KNITTED UNION FLAG HOT WATER BOTTLE,9,14.06,Germany
10935,2023-04-10 02:34:14.054054,CREAM CUPID HEARTS COAT HANGER,2,12.89,United Kingdom
10020,2023-04-10 11:18:55.135135,WHITE HANGING HEART T-LIGHT HOLDER,20,14.59,France
10853,2023-04-10 20:03:36.216216,WHITE METAL LANTERN,27,1.12,United Kingdom
10610,2023-04-11 04:48:17.297297,WHITE HANGING HEART T-LIGHT HOLDER,6,12.85,United Kingdom
10574,2023-04-11 13:32:58.378378,WHITE HANGING HEART T-LIGHT HOLDER,27,12.15,United Kingdom
10813,2023-04-11 22:17:39.459459,KNITTED UNION FLAG HOT WATER BOTTLE,24,13.58,United Kingdom
10644,2023-04-12 07:02:20.540540,CREAM CUPID HEARTS COAT HANGER,15,8.16,United Kingdom
10526,2023-04-12 15:47:01.621621,WHITE METAL LANTERN,48,11.92,United Kingdom
10104,2023-04-13 00:31:42.702702,WHITE HANGING HEART T-LIGHT HOLDER,33,1.24,France
10622,2023-04-13 09:16:23.783783,WHITE HANGING HEART T-LIGHT HOLDER,42,1.6,United Kingdom
10850,2023-04-13 18:01:04.864864,KNITTED UNION FLAG HOT WATER BOTTLE,10,2.22,EIRE
10335,2023-04-14 02:45:45.945945,KNITTED UNION FLAG HOT WATER BOTTLE,21,13.76,United Kingdom
10423,2023-04-14 11:30:27.027027,KNITTED UNION FLAG HOT WATER BOTTLE,6,1.39,United Kingdom
10622,2023-04-14 20:15:08.108108,CREAM CUPID HEARTS COAT HANGER,30,1.95,France
10874,2023-04-15 04:59:49.189189,WHITE METAL LANTERN,23,13.99,Germany
10854,2023-04-15 13:44:30.270270,WHITE METAL LANTERN,36,2.06,United Kingdom
10003,2023-04-15 22:29:11.351351,KNITTED UNION FLAG HOT WATER BOTTLE,46,13.11,United Kingdom
10468,2023-04-16 07:13:52.432432,WHITE HANGING HEART T-LIGHT HOLDER,49,11.94,United Kingdom
10663,2023-04-16 15:58:33.513513,KNITTED UNION FLAG HOT WATER BOTTLE,3,1.08,United Kingdom
10553,2023-04-17 00:43:14.594594,KNITTED UNION FLAG HOT WATER BOTTLE,26,0.82,United Kingdom
10886,2023-04-17 09:27:55.675675,CREAM CUPID HEARTS COAT HANGER,34,8.25,United Kingdom
10537,2023-04-17 18:12:36.756756,KNITTED UNION FLAG HOT WATER BOTTLE,30,14.96,United Kingdom
10873,2023-04-18 02:57:17.837837,WHITE METAL LANTERN,18,13.24,United Kingdom
10193,2023-04-18 11:41:58.918918,KNITTED UNION FLAG HOT WATER BOTTLE,17,5.0,United Kingdom
10359,2023-04-18 20:26:40.000000,WHITE METAL LANTERN,45,6.1,United Kingdom
10519,2023-04-19 05:11:21.081081,WHITE HANGING HEART T-LIGHT HOLDER,42,6.12,France
10072,2023-04-19 13:56:02.162162,WHITE METAL LANTERN,21,11.15,United Kingdom
10961,2023-04-19 22:40:43.243243,WHITE METAL LANTERN,24,5.45,United Kingdom
10077,2023-04-20 07:25:24.324324,KNITTED UNION FLAG HOT WATER BOTTLE,4,2.64,United Kingdom
10659,2023-04-20 16:10:05.405405,WHITE METAL LANTERN,49,11.33,United Kingdom
10833,2023-04-21 00:54:46.486486,WHITE METAL LANTERN,48,7.14,United Kingdom
10067,2023-04-21 09:39:27.567567,WHITE HANGING HEART T-LIGHT HOLDER,25,1.61,United Kingdom
10866,2023-04-21 18:24:08.648648,WHITE METAL LANTERN,24,11.96,United Kingdom
10694,2023-04-22 03:08:49.729729,WHITE METAL LANTERN,46,8.99,United Kingdom
10333,2023-04-22 11:53:30.810810,KNITTED UNION FLAG HOT WATER BOTTLE,27,7.6,Germany
10084,2023-04-22 20:38:11.891891,CREAM CUPID HEARTS COAT HANGER,31,10.26,EIRE
10495,2023-04-23 05:22:52.972972,KNITTED UNION FLAG HOT WATER BOTTLE,47,7.83,United Kingdom
10078,2023-04-23 14:07:34.054054,WHITE HANGING HEART T-LIGHT HOLDER,35,9.9,United Kingdom
10550,2023-04-23 22:52:15.135135,KNITTED UNION FLAG HOT WATER BOTTLE,20,13.08,United Kingdom
10305,2023-04-24 07:36:56.216216,WHITE METAL LANTERN,16,9.4,United Kingdom
10019,2023-04-24 16:21:37.297297,CREAM CUPID HEARTS COAT HANGER,31,10.06,United Kingdom
10581,2023-04-25 01:06:18.378378,KNITTED UNION FLAG HOT WATER BOTTLE,7,9.4,United Kingdom
10155,2023-04-25 09:50:59.459459,KNITTED UNION FLAG HOT WATER BOTTLE,18,8.2,United Kingdom
10116,2023-04-25 18:35:40.540540,WHITE HANGING HEART T-LIGHT HOLDER,8,2.99,United Kingdom
10879,2023-04-26 03:20:21.621621,WHITE METAL LANTERN,27,5.37,United Kingdom
10938,2023-04-26 12:05:02.702702,KNITTED UNION FLAG HOT WATER BOTTLE,14,10.55,United Kingdom
10449,2023-04-26 20:49:43.783783,KNITTED UNION FLAG HOT WATER BOTTLE,18,6.67,United Kingdom
10027,2023-04-27 05:34:24.864864,CREAM CUPID HEARTS COAT HANGER,1,6.39,United Kingdom
10886,2023-04-27 14:19:05.945945,WHITE HANGING HEART T-LIGHT HOLDER,31,11.51,United Kingdom
10609,2023-04-27 23:03:47.027027,WHITE METAL LANTERN,20,0.58,United Kingdom
10973,2023-04-28 07:48:28.108108,KNITTED UNION FLAG HOT WATER BOTTLE,6,10.35,United Kingdom
10328,2023-04-28 16:33:09.189189,CREAM CUPID HEARTS COAT HANGER,45,7.59,Germany
10662,2023-04-29 01:17:50.270270,KNITTED UNION FLAG HOT WATER BOTTLE,1,5.96,United Kingdom
10363,2023-04-29 10:02:31.351351,KNITTED UNION FLAG HOT WATER BOTTLE,19,5.44,United Kingdom
10418,2023-04-29 18:47:12.432432,WHITE HANGING HEART T-LIGHT HOLDER,39,3.01,United Kingdom
10021,2023-04-30 03:31:53.513513,CREAM CUPID HEARTS COAT HANGER,27,5.35,United Kingdom
10260,2023-04-30 12:16:34.594594,CREAM CUPID HEARTS COAT HANGER,16,6.18,United Kingdom
10059,2023-04-30 21:01:15.675675,WHITE METAL LANTERN,14,6.84,United Kingdom
10936,2023-05-01 05:45:56.756756,KNITTED UNION FLAG HOT WATER BOTTLE,34,10.25,United Kingdom
10412,2023-05-01 14:30:37.837837,CREAM CUPID HEARTS COAT HANGER,7,7.08,United Kingdom
10162,2023-05-01 23:15:18.918918,KNITTED UNION FLAG HOT WATER BOTTLE,20,12.05,United Kingdom
10113,2023-05-02 08:00:00.000000,KNITTED UNION FLAG HOT WATER BOTTLE,31,9.78,United Kingdom
10353,2023-05-02 16:44:41.081081,WHITE METAL LANTERN,22,3.25,United Kingdom
10195,2023-05-03 01:29:22.162162,WHITE METAL LANTERN,20,4.52,United Kingdom
10044,2023-05-03 10:14:03.243243,CREAM CUPID HEARTS COAT HANGER,15,1.65,United Kingdom
10624,2023-05-03 18:58:44.324324,KNITTED UNION FLAG HOT WATER BOTTLE,25,14.21,United Kingdom
10904,2023-05-04 03:43:25.405405,CREAM CUPID HEARTS COAT HANGER,46,13.35,EIRE
10178,2023-05-04 12:28:06.486486,KNITTED UNION FLAG HOT WATER BOTTLE,1,1.73,Germany
10781,2023-05-04 21:12:47.567567,CREAM CUPID HEARTS COAT HANGER,17,8.82,United Kingdom
10492,2023-05-05 05:57:28.648648,CREAM CUPID HEARTS COAT HANGER,16,14.43,France
10324,2023-05-05 14:42:09.729729,KNITTED UNION FLAG HOT WATER BOTTLE,37,11.33,United Kingdom
10369,2023-05-05 23:26:50.810810,WHITE HANGING HEART T-LIGHT HOLDER,21,7.63,United Kingdom
10567,2023-05-06 08:11:31.891891,WHITE METAL LANTERN,27,4.0,United Kingdom
10878,2023-05-06 16:56:12.972972,KNITTED UNION FLAG HOT WATER BOTTLE,35,4.55,United Kingdom
10346,2023-05-07 01:40:54.054054,CREAM CUPID HEARTS COAT HANGER,24,11.18,Germany
10778,2023-05-07 10:25:35.135135,WHITE HANGING HEART T-LIGHT HOLDER,2,11.82,Germany
10925,2023-05-07 19:10:16.216216,CREAM CUPID HEARTS COAT HANGER,46,8.17,United Kingdom
10114,2023-05-08 03:54:57.297297,WHITE HANGING HEART T-LIGHT HOLDER,25,2.25,France
10356,2023-05-08 12:39:38.378378,KNITTED UNION FLAG HOT WATER BOTTLE,19,14.04,United Kingdom
10166,2023-05-08 21:24:19.459459,WHITE METAL LANTERN,45,12.75,United Kingdom
10353,2023-05-09 06:09:00.540540,CREAM CUPID HEARTS COAT HANGER,13,2.54,United Kingdom
10114,2023-05-09 14:53:41.621621,WHITE HANGING HEART T-LIGHT HOLDER,29,1.32,United Kingdom
10407,2023-05-09 23:38:22.702702,WHITE HANGING HEART T-LIGHT HOLDER,32,8.27,United Kingdom
10591,2023-05-10 08:23:03.783783,WHITE METAL LANTERN,6,4.62,EIRE
10825,2023-05-10 17:07:44.864864,CREAM CUPID HEARTS COAT HANGER,9,4.61,United Kingdom
10797,2023-05-11 01:52:25.945945,KNITTED UNION FLAG HOT WATER BOTTLE,1,1.76,United Kingdom
10919,2023-05-11 10:37:07.027027,KNITTED UNION FLAG HOT WATER BOTTLE,24,14.32,United Kingdom
10322,2023-05-11 19:21:48.108108,CREAM CUPID HEARTS COAT HANGER,10,12.54,United Kingdom
10540,2023-05-12 04:06:29.189189,WHITE METAL LANTERN,35,2.15,United Kingdom
10041,2023-05-12 12:51:10.270270,WHITE METAL LANTERN,6,13.21,United Kingdom
10459,2023-05-12 21:35:51.351351,WHITE METAL LANTERN,48,10.4,United Kingdom
10118,2023-05-13 06:20:32.432432,WHITE HANGING HEART T-LIGHT HOLDER,20,5.22,France
10573,2023-05-13 15:05:13.513513,WHITE HANGING HEART T-LIGHT HOLDER,38,13.13,United Kingdom
10666,2023-05-13 23:49:54.594594,WHITE METAL LANTERN,12,9.17,United Kingdom
10796,2023-05-14 08:34:35.675675,CREAM CUPID HEARTS COAT HANGER,3,12.81,United Kingdom
10449,2023-05-14 17:19:16.756756,KNITTED UNION FLAG HOT WATER BOTTLE,18,7.3,United Kingdom
10440,2023-05-15 02:03:57.837837,WHITE HANGING HEART T-LIGHT HOLDER,21,7.76,United Kingdom
10188,2023-05-15 10:48:38.918918,WHITE METAL LANTERN,35,4.72,United Kingdom
10284,2023-05-15 19:33:20.000000,WHITE HANGING HEART T-LIGHT HOLDER,37,6.12,United Kingdom
10103,2023-05-16 04:18:01.081081,WHITE HANGING HEART T-LIGHT HOLDER,19,8.73,United Kingdom
10568,2023-05-16 13:02:42.162162,WHITE METAL LANTERN,25,14.23,United Kingdom
10456,2023-05-16 21:47:23.243243,CREAM CUPID HEARTS COAT HANGER,18,9.2,France
10310,2023-05-17 06:32:04.324324,KNITTED UNION FLAG HOT WATER BOTTLE,40,2.64,United Kingdom
10883,2023-05-17 15:16:45.405405,CREAM CUPID HEARTS COAT HANGER,30,0.6,United Kingdom
10683,2023-05-18 00:01:26.486486,WHITE HANGING HEART T-LIGHT HOLDER,42,12.84,United Kingdom
10383,2023-05-18 08:46:07.567567,CREAM CUPID HEARTS COAT HANGER,42,5.78,France
10667,2023-05-18 17:30:48.648648,CREAM CUPID HEARTS COAT HANGER,34,5.07,United Kingdom
10164,2023-05-19 02:15:29.729729,KNITTED UNION FLAG HOT WATER BOTTLE,10,12.11,United Kingdom
10406,2023-05-19 11:00:10.810810,WHITE METAL LANTERN,22,14.21,United Kingdom
10844,2023-05-19 19:44:51.891891,WHITE METAL LANTERN,4,11.35,United Kingdom
10580,2023-05-20 04:29:32.972972,WHITE METAL LANTERN,3,3.02,United Kingdom
10991,2023-05-20 13:14:14.054054,CREAM CUPID HEARTS COAT HANGER,49,6.17,United Kingdom
10475,2023-05-20 21:58:55.135135,CREAM CUPID HEARTS COAT HANGER,49,11.51,France
10057,2023-05-21 06:43:36.216216,KNITTED UNION FLAG HOT WATER BOTTLE,28,13.65,EIRE
10718,2023-05-21 15:28:17.297297,WHITE METAL LANTERN,22,14.98,United Kingdom
10983,2023-05-22 00:12:58.378378,KNITTED UNION FLAG HOT WATER BOTTLE,12,7.92,United Kingdom
10415,2023-05-22 08:57:39.459459,KNITTED UNION FLAG HOT WATER BOTTLE,49,12.43,United Kingdom
10596,2023-05-22 17:42:20.540540,CREAM CUPID HEARTS COAT HANGER,13,1.18,United Kingdom
10836,2023-05-23 02:27:01.621621,WHITE METAL LANTERN,41,4.64,United Kingdom
10612,2023-05-23 11:11:42.702702,WHITE HANGING HEART T-LIGHT HOLDER,33,5.89,United Kingdom
10803,2023-05-23 19:56:23.783783,WHITE HANGING HEART T-LIGHT HOLDER,47,14.65,United Kingdom
10250,2023-05-24 04:41:04.864864,CREAM CUPID HEARTS COAT HANGER,19,0.55,United Kingdom
10219,2023-05-24 13:25:45.945945,CREAM CUPID HEARTS COAT HANGER,41,4.97,United Kingdom
10159,2023-05-24 22:10:27.027027,CREAM CUPID HEARTS COAT HANGER,17,13.99,EIRE
10186,2023-05-25 06:55:08.108108,CREAM CUPID HEARTS COAT HANGER,47,4.95,EIRE
10895,2023-05-25 15:39:49.189189,WHITE HANGING HEART T-LIGHT HOLDER,34,3.76,United Kingdom
10955,2023-05-26 00:24:30.270270,WHITE METAL LANTERN,4,11.09,United Kingdom
10598,2023-05-26 09:09:11.351351,KNITTED UNION FLAG HOT WATER BOTTLE,39,11.31,United Kingdom
10463,2023-05-26 17:53:52.432432,WHITE HANGING HEART T-LIGHT HOLDER,8,7.35,United Kingdom
10497,2023-05-27 02:38:33.513513,WHITE METAL LANTERN,33,14.23,Germany
10329,2023-05-27 11:23:14.594594,CREAM CUPID HEARTS COAT HANGER,1,3.44,United Kingdom
10348,2023-05-27 20:07:55.675675,KNITTED UNION FLAG HOT WATER BOTTLE,5,13.74,United Kingdom
10499,2023-05-28 04:52:36.756756,WHITE METAL LANTERN,32,11.45,United Kingdom
10666,2023-05-28 13:37:17.837837,WHITE METAL LANTERN,40,5.84,United Kingdom
10866,2023-05-28 22:21:58.918918,KNITTED UNION FLAG HOT WATER BOTTLE,1,12.2,United Kingdom
10489,2023-05-29 07:06:40.000000,WHITE METAL LANTERN,35,2.43,United Kingdom
10279,2023-05-29 15:51:21.081081,WHITE METAL LANTERN,22,2.4,United Kingdom
10854,2023-05-30 00:36:02.162162,KNITTED UNION FLAG HOT WATER BOTTLE,29,13.98,United Kingdom
10834,2023-05-30 09:20:43.243243,KNITTED UNION FLAG HOT WATER BOTTLE,17,1.87,United Kingdom
10163,2023-05-30 18:05:24.324324,WHITE HANGING HEART T-LIGHT HOLDER,30,0.56,United Kingdom
10397,2023-05-31 02:50:05.405405,CREAM CUPID HEARTS COAT HANGER,35,6.14,United Kingdom
10067,2023-05-31 11:34:46.486486,CREAM CUPID HEARTS COAT HANGER,1,2.01,United Kingdom
10427,2023-05-31 20:19:27.567567,WHITE METAL LANTERN,4,13.01,United Kingdom
10431,2023-06-01 05:04:08.648648,CREAM CUPID HEARTS COAT HANGER,9,13.88,United Kingdom
10873,2023-06-01 13:48:49.729729,WHITE HANGING HEART T-LIGHT HOLDER,45,7.5,United Kingdom
10374,2023-06-01 22:33:30.810810,WHITE METAL LANTERN,32,6.67,Germany
10799,2023-06-02 07:18:11.891891,CREAM CUPID HEARTS COAT HANGER,5,8.32,United Kingdom
10723,2023-06-02 16:02:52.972972,CREAM CUPID HEARTS COAT HANGER,14,3.78,United Kingdom
10631,2023-06-03 00:47:34.054054,WHITE METAL LANTERN,26,4.82,Germany
10912,2023-06-03 09:32:15.135135,KNITTED UNION FLAG HOT WATER BOTTLE,23,1.96,United Kingdom
10988,2023-06-03 18:16:56.216216,WHITE HANGING HEART T-LIGHT HOLDER,46,6.97,United Kingdom
10696,2023-06-04 03:01:37.297297,WHITE METAL LANTERN,22,9.37,United Kingdom
10422,2023-06-04 11:46:18.378378,WHITE METAL LANTERN,27,13.99,United Kingdom
10927,2023-06-04 20:30:59.459459,CREAM CUPID HEARTS COAT HANGER,25,11.22,United Kingdom
10963,2023-06-05 05:15:40.540540,KNITTED UNION FLAG HOT WATER BOTTLE,36,10.98,France
10727,2023-06-05 14:00:21.621621,CREAM CUPID HEARTS COAT HANGER,4,4.97,United Kingdom
10641,2023-06-05 22:45:02.702702,WHITE METAL LANTERN,32,13.38,EIRE
10077,2023-06-06 07:29:43.783783,WHITE METAL LANTERN,9,14.23,United Kingdom
10487,2023-06-06 16:14:24.864864,CREAM CUPID HEARTS COAT HANGER,2,14.02,United Kingdom
10169,2023-06-07 00:59:05.945945,KNITTED UNION FLAG HOT WATER BOTTLE,42,1.06,United Kingdom
10037,2023-06-07 09:43:47.027027,WHITE METAL LANTERN,39,9.26,United Kingdom
10566,2023-06-07 18:28:28.108108,WHITE HANGING HEART T-LIGHT HOLDER,46,9.83,United Kingdom
10950,2023-06-08 03:13:09.189189,KNITTED UNION FLAG HOT WATER BOTTLE,25,4.78,United Kingdom
10289,2023-06-08 11:57:50.270270,WHITE METAL LANTERN,47,14.89,France
10557,2023-06-08 20:42:31.351351,KNITTED UNION FLAG HOT WATER BOTTLE,10,4.72,United Kingdom
10170,2023-06-09 05:27:12.432432,KNITTED UNION FLAG HOT WATER BOTTLE,37,3.64,United Kingdom
10641,2023-06-09 14:11:53.513513,WHITE HANGING HEART T-LIGHT HOLDER,25,7.52,France
10675,2023-06-09 22:56:34.594594,WHITE METAL LANTERN,40,5.19,United Kingdom
10581,2023-06-10 07:41:15.675675,KNITTED UNION FLAG HOT WATER BOTTLE,29,13.9,United Kingdom
10291,2023-06-10 16:25:56.756756,WHITE METAL LANTERN,37,6.88,United Kingdom
10917,2023-06-11 01:10:37.837837,WHITE METAL LANTERN,5,6.45,United Kingdom
10580,2023-06-11 09:55:18.918918,KNITTED UNION FLAG HOT WATER BOTTLE,14,9.58,France
10421,2023-06-11 18:40:00.000000,CREAM CUPID HEARTS COAT HANGER,33,1.68,Germany
10104,2023-06-12 03:24:41.081081,KNITTED UNION FLAG HOT WATER BOTTLE,27,11.47,United Kingdom
10565,2023-06-12 12:09:22.162162,CREAM CUPID HEARTS COAT HANGER,5,11.64,United Kingdom
10405,2023-06-12 20:54:03.243243,CREAM CUPID HEARTS COAT HANGER,44,7.37,United Kingdom
10879,2023-06-13 05:38:44.324324,CREAM CUPID HEARTS COAT HANGER,15,14.36,United Kingdom
10458,2023-06-13 14:23:25.405405,CREAM CUPID HEARTS COAT HANGER,3,8.9,United Kingdom
10874,2023-06-13 23:08:06.486486,KNITTED UNION FLAG HOT WATER BOTTLE,1,10.58,United Kingdom
10247,2023-06-14 07:52:47.567567,CREAM CUPID HEARTS COAT HANGER,24,13.9,United Kingdom
10926,2023-06-14 16:37:28.648648,WHITE METAL LANTERN,12,10.16,Germany
10308,2023-06-15 01:22:09.729729,KNITTED UNION FLAG HOT WATER BOTTLE,45,6.76,United Kingdom
10372,2023-06-15 10:06:50.810810,WHITE HANGING HEART T-LIGHT HOLDER,14,0.86,United Kingdom
10105,2023-06-15 18:51:31.891891,CREAM CUPID HEARTS COAT HANGER,42,11.06,France
10860,2023-06-16 03:36:12.972972,KNITTED UNION FLAG HOT WATER BOTTLE,20,14.49,United Kingdom
10314,2023-06-16 12:20:54.054054,CREAM CUPID HEARTS COAT HANGER,14,7.32,United Kingdom
10608,2023-06-16 21:05:35.135135,WHITE METAL LANTERN,14,5.43,United Kingdom
10853,2023-06-17 05:50:16.216216,CREAM CUPID HEARTS COAT HANGER,45,8.03,EIRE
10944,2023-06-17 14:34:57.297297,KNITTED UNION FLAG HOT WATER BOTTLE,35,11.06,United Kingdom
10538,2023-06-17 23:19:38.378378,WHITE METAL LANTERN,19,0.51,United Kingdom
10071,2023-06-18 08:04:19.459459,CREAM CUPID HEARTS COAT HANGER,20,13.36,United Kingdom
10377,2023-06-18 16:49:00.540540,WHITE HANGING HEART T-LIGHT HOLDER,42,13.35,United Kingdom
10495,2023-06-19 01:33:41.621621,CREAM CUPID HEARTS COAT HANGER,44,8.35,United Kingdom
10184,2023-06-19 10:18:22.702702,CREAM CUPID HEARTS COAT HANGER,23,2.27,United Kingdom
10133,2023-06-19 19:03:03.783783,WHITE METAL LANTERN,34,10.24,United Kingdom
10173,2023-06-20 03:47:44.864864,CREAM CUPID HEARTS COAT HANGER,1,2.5,United Kingdom
10792,2023-06-20 12:32:25.945945,KNITTED UNION FLAG HOT WATER BOTTLE,4,7.86,United Kingdom
10609,2023-06-20 21:17:07.027027,KNITTED UNION FLAG HOT WATER BOTTLE,40,1.86,United Kingdom
10392,2023-06-21 06:01:48.108108,WHITE METAL LANTERN,17,9.04,United Kingdom
10063,2023-06-21 14:46:29.189189,KNITTED UNION FLAG HOT WATER BOTTLE,26,5.11,France
10995,2023-06-21 23:31:10.270270,WHITE HANGING HEART T-LIGHT HOLDER,14,12.55,Germany
10414,2023-06-22 08:15:51.351351,CREAM CUPID HEARTS COAT HANGER,46,12.1,United Kingdom
10402,2023-06-22 17:00:32.432432,WHITE METAL LANTERN,32,14.98,United Kingdom
10112,2023-06-23 01:45:13.513513,KNITTED UNION FLAG HOT WATER BOTTLE,36,4.23,United Kingdom
10064,2023-06-23 10:29:54.594594,WHITE HANGING HEART T-LIGHT HOLDER,20,1.4,EIRE
10727,2023-06-23 19:14:35.675675,WHITE HANGING HEART T-LIGHT HOLDER,16,6.92,Germany
10865,2023-06-24 03:59:16.756756,WHITE METAL LANTERN,19,1.71,United Kingdom
10400,2023-06-24 12:43:57.837837,WHITE METAL LANTERN,45,3.09,Germany
10289,2023-06-24 21:28:38.918918,KNITTED UNION FLAG HOT WATER BOTTLE,39,9.16,France
10482,2023-06-25 06:13:20.000000,CREAM CUPID HEARTS COAT HANGER,24,9.09,Germany
10419,2023-06-25 14:58:01.081081,WHITE HANGING HEART T-LIGHT HOLDER,14,1.13,United Kingdom
10908,2023-06-25 23:42:42.162162,WHITE HANGING HEART T-LIGHT HOLDER,29,6.92,France
10314,2023-06-26 08:27:23.243243,WHITE METAL LANTERN,42,8.19,Germany
10088,2023-06-26 17:12:04.324324,WHITE HANGING HEART T-LIGHT HOLDER,14,4.39,United Kingdom
10758,2023-06-27 01:56:45.405405,WHITE METAL LANTERN,11,13.14,EIRE
10843,2023-06-27 10:41:26.486486,CREAM CUPID HEARTS COAT HANGER,11,2.84,United Kingdom
10660,2023-06-27 19:26:07.567567,WHITE METAL LANTERN,47,4.18,United Kingdom
10356,2023-06-28 04:10:48.648648,CREAM CUPID HEARTS COAT HANGER,40,2.78,United Kingdom
10877,2023-06-28 12:55:29.729729,KNITTED UNION FLAG HOT WATER BOTTLE,24,2.19,United Kingdom
10997,2023-06-28 21:40:10.810810,WHITE METAL LANTERN,22,13.25,Germany
10960,2023-06-29 06:24:51.891891,KNITTED UNION FLAG HOT WATER BOTTLE,49,4.53,United Kingdom
10751,2023-06-29 15:09:32.972972,CREAM CUPID HEARTS COAT HANGER,21,10.98,United Kingdom
10517,2023-06-29 23:54:14.054054,WHITE HANGING HEART T-LIGHT HOLDER,6,6.71,United Kingdom
10748,2023-06-30 08:38:55.135135,KNITTED UNION FLAG HOT WATER BOTTLE,14,9.72,United Kingdom
10364,2023-06-30 17:23:36.216216,WHITE METAL LANTERN,9,13.96,United Kingdom
10266,2023-07-01 02:08:17.297297,WHITE METAL LANTERN,35,12.75,United Kingdom
10847,2023-07-01 10:52:58.378378,KNITTED UNION FLAG HOT WATER BOTTLE,44,1.5,United Kingdom
10405,2023-07-01 19:37:39.459459,KNITTED UNION FLAG HOT WATER BOTTLE,36,12.76,United Kingdom
10749,2023-07-02 04:22:20.540540,KNITTED UNION FLAG HOT WATER BOTTLE,25,7.05,United Kingdom
10138,2023-07-02 13:07:01.621621,WHITE METAL LANTERN,15,5.58,United Kingdom
10164,2023-07-02 21:51:42.702702,KNITTED UNION FLAG HOT WATER BOTTLE,45,10.25,United Kingdom
10793,2023-07-03 06:36:23.783783,KNITTED UNION FLAG HOT WATER BOTTLE,28,14.28,United Kingdom
10696,2023-07-03 15:21:04.864864,CREAM CUPID HEARTS COAT HANGER,14,1.86,United Kingdom
10665,2023-07-04 00:05:45.945945,KNITTED UNION FLAG HOT WATER BOTTLE,13,11.64,France
10105,2023-07-04 08:50:27.027027,KNITTED UNION FLAG HOT WATER BOTTLE,41,3.45,United Kingdom
10148,2023-07-04 17:35:08.108108,WHITE METAL LANTERN,31,6.01,United Kingdom
10184,2023-07-05 02:19:49.189189,WHITE METAL LANTERN,5,13.17,United Kingdom
10409,2023-07-05 11:04:30.270270,WHITE HANGING HEART T-LIGHT HOLDER,19,8.41,United Kingdom
10782,2023-07-05 19:49:11.351351,WHITE METAL LANTERN,8,1.48,United Kingdom
10870,2023-07-06 04:33:52.432432,WHITE METAL LANTERN,13,7.87,United Kingdom
10702,2023-07-06 13:18:33.513513,WHITE METAL LANTERN,41,11.95,United Kingdom
10674,2023-07-06 22:03:14.594594,WHITE METAL LANTERN,17,8.17,United Kingdom
10906,2023-07-07 06:47:55.675675,KNITTED UNION FLAG HOT WATER BOTTLE,32,2.92,United Kingdom
10200,2023-07-07 15:32:36.756756,WHITE HANGING HEART T-LIGHT HOLDER,5,6.95,Germany
10617,2023-07-08 00:17:17.837837,WHITE METAL LANTERN,9,13.9,EIRE
10726,2023-07-08 09:01:58.918918,KNITTED UNION FLAG HOT WATER BOTTLE,43,10.04,United Kingdom
10835,2023-07-08 17:46:40.000000,WHITE METAL LANTERN,34,11.08,United Kingdom
10989,2023-07-09 02:31:21.081081,WHITE HANGING HEART T-LIGHT HOLDER,45,11.9,United Kingdom
10219,2023-07-09 11:16:02.162162,CREAM CUPID HEARTS COAT HANGER,1,1.82,United Kingdom
10856,2023-07-09 20:00:43.243243,CREAM CUPID HEARTS COAT HANGER,40,8.93,United Kingdom
10469,2023-07-10 04:45:24.324324,WHITE HANGING HEART T-LIGHT HOLDER,15,5.95,United Kingdom
10728,2023-07-10 13:30:05.405405,KNITTED UNION FLAG HOT WATER BOTTLE,32,2.52,Germany
10985,2023-07-10 22:14:46.486486,KNITTED UNION FLAG HOT WATER BOTTLE,34,3.44,EIRE
10433,2023-07-11 06:59:27.567567,WHITE HANGING HEART T-LIGHT HOLDER,35,11.83,United Kingdom
10028,2023-07-11 15:44:08.648648,CREAM CUPID HEARTS COAT HANGER,49,2.84,EIRE
10749,2023-07-12 00:28:49.729729,WHITE METAL LANTERN,28,5.03,United Kingdom
10063,2023-07-12 09:13:30.810810,CREAM CUPID HEARTS COAT HANGER,17,4.63,United Kingdom
10936,2023-07-12 17:58:11.891891,WHITE METAL LANTERN,46,1.21,United Kingdom
10095,2023-07-13 02:42:52.972972,WHITE HANGING HEART T-LIGHT HOLDER,11,7.2,United Kingdom
10665,2023-07-13 11:27:34.054054,WHITE HANGING HEART T-LIGHT HOLDER,23,11.61,EIRE
10539,2023-07-13 20:12:15.135135,WHITE HANGING HEART T-LIGHT HOLDER,26,0.82,United Kingdom
10509,2023-07-14 04:56:56.216216,CREAM CUPID HEARTS COAT HANGER,46,2.13,United Kingdom
10339,2023-07-14 13:41:37.297297,WHITE HANGING HEART T-LIGHT HOLDER,5,10.94,United Kingdom
10687,2023-07-14 22:26:18.378378,CREAM CUPID HEARTS COAT HANGER,26,9.11,EIRE
10250,2023-07-15 07:10:59.459459,KNITTED UNION FLAG HOT WATER BOTTLE,6,10.87,EIRE
10705,2023-07-15 15:55:40.540540,WHITE METAL LANTERN,43,3.84,United Kingdom
10278,2023-07-16 00:40:21.621621,WHITE METAL LANTERN,34,12.15,United Kingdom
10038,2023-07-16 09:25:02.702702,WHITE METAL LANTERN,42,7.46,Germany
10068,2023-07-16 18:09:43.783783,WHITE HANGING HEART T-LIGHT HOLDER,13,9.35,United Kingdom
10276,2023-07-17 02:54:24.864864,WHITE METAL LANTERN,25,1.84,EIRE
10119,2023-07-17 11:39:05.945945,WHITE HANGING HEART T-LIGHT HOLDER,2,3.47,Germany
10085,2023-07-17 20:23:47.027027,CREAM CUPID HEARTS COAT HANGER,14,11.71,United Kingdom
10176,2023-07-18 05:08:28.108108,WHITE HANGING HEART T-LIGHT HOLDER,17,3.75,United Kingdom
10970,2023-07-18 13:53:09.189189,WHITE METAL LANTERN,41,1.84,United Kingdom
10605,2023-07-18 22:37:50.270270,WHITE HANGING HEART T-LIGHT HOLDER,40,9.16,France
10091,2023-07-19 07:22:31.351351,WHITE HANGING HEART T-LIGHT HOLDER,40,8.45,United Kingdom
10419,2023-07-19 16:07:12.432432,CREAM CUPID HEARTS COAT HANGER,39,9.31,EIRE
10080,2023-07-20 00:51:53.513513,WHITE HANGING HEART T-LIGHT HOLDER,25,9.47,EIRE
10340,2023-07-20 09:36:34.594594,WHITE METAL LANTERN,27,7.75,United Kingdom
10420,2023-07-20 18:21:15.675675,WHITE HANGING HEART T-LIGHT HOLDER,48,7.66,United Kingdom
10227,2023-07-21 03:05:56.756756,KNITTED UNION FLAG HOT WATER BOTTLE,24,13.9,United Kingdom
10894,2023-07-21 11:50:37.837837,WHITE HANGING HEART T-LIGHT HOLDER,49,8.24,France
10472,2023-07-21 20:35:18.918918,KNITTED UNION FLAG HOT WATER BOTTLE,33,9.45,France
10087,2023-07-22 05:20:00.000000,WHITE METAL LANTERN,27,4.37,EIRE
10349,2023-07-22 14:04:41.081081,KNITTED UNION FLAG HOT WATER BOTTLE,45,13.13,United Kingdom
10639,2023-07-22 22:49:22.162162,KNITTED UNION FLAG HOT WATER BOTTLE,31,0.85,United Kingdom
10809,2023-07-23 07:34:03.243243,KNITTED UNION FLAG HOT WATER BOTTLE,48,8.58,United Kingdom
10189,2023-07-23 16:18:44.324324,KNITTED UNION FLAG HOT WATER BOTTLE,38,6.07,United Kingdom
10866,2023-07-24 01:03:25.405405,KNITTED UNION FLAG HOT WATER BOTTLE,15,9.26,United Kingdom
10980,2023-07-24 09:48:06.486486,WHITE HANGING HEART T-LIGHT HOLDER,44,5.72,Germany
10645,2023-07-24 18:32:47.567567,CREAM CUPID HEARTS COAT HANGER,40,10.91,United Kingdom
10980,2023-07-25 03:17:28.648648,KNITTED UNION FLAG HOT WATER BOTTLE,1,0.79,France
10135,2023-07-25 12:02:09.729729,WHITE METAL LANTERN,11,6.39,United Kingdom
10324,2023-07-25 20:46:50.810810,WHITE METAL LANTERN,15,12.55,United Kingdom
10039,2023-07-26 05:31:31.891891,WHITE HANGING HEART T-LIGHT HOLDER,33,4.13,United Kingdom
10649,2023-07-26 14:16:12.972972,CREAM CUPID HEARTS COAT HANGER,48,1.26,United Kingdom
10286,2023-07-26 23:00:54.054054,CREAM CUPID HEARTS COAT HANGER,32,7.7,Germany
10255,2023-07-27 07:45:35.135135,KNITTED UNION FLAG HOT WATER BOTTLE,25,14.66,United Kingdom
10797,2023-07-27 16:30:16.216216,WHITE METAL LANTERN,39,1.43,United Kingdom
10946,2023-07-28 01:14:57.297297,WHITE METAL LANTERN,33,1.52,France
10596,2023-07-28 09:59:38.378378,WHITE HANGING HEART T-LIGHT HOLDER,29,9.13,EIRE
10419,2023-07-28 18:44:19.459459,KNITTED UNION FLAG HOT WATER BOTTLE,34,4.13,United Kingdom
10828,2023-07-29 03:29:00.540540,WHITE METAL LANTERN,8,6.45,United Kingdom
10538,2023-07-29 12:13:41.621621,KNITTED UNION FLAG HOT WATER BOTTLE,11,12.54,United Kingdom
10741,2023-07-29 20:58:22.702702,CREAM CUPID HEARTS COAT HANGER,13,3.38,United Kingdom
10290,2023-07-30 05:43:03.783783,KNITTED UNION FLAG HOT WATER BOTTLE,5,10.93,United Kingdom
10315,2023-07-30 14:27:44.864864,KNITTED UNION FLAG HOT WATER BOTTLE,19,7.82,Germany
10799,2023-07-30 23:12:25.945945,WHITE HANGING HEART T-LIGHT HOLDER,21,13.62,United Kingdom
10857,2023-07-31 07:57:07.027027,WHITE HANGING HEART T-LIGHT HOLDER,3,14.61,United Kingdom
10131,2023-07-31 16:41:48.108108,CREAM CUPID HEARTS COAT HANGER,26,7.53,United Kingdom
10602,2023-08-01 01:26:29.189189,CREAM CUPID HEARTS COAT HANGER,33,8.98,France
10867,2023-08-01 10:11:10.270270,KNITTED UNION FLAG HOT WATER BOTTLE,30,11.31,United Kingdom
10740,2023-08-01 18:55:51.351351,WHITE METAL LANTERN,22,5.12,United Kingdom
10538,2023-08-02 03:40:32.432432,KNITTED UNION FLAG HOT WATER BOTTLE,5,3.79,United Kingdom
10302,2023-08-02 12:25:13.513513,CREAM CUPID HEARTS COAT HANGER,19,14.49,United Kingdom
10901,2023-08-02 21:09:54.594594,WHITE HANGING HEART T-LIGHT HOLDER,9,6.77,United Kingdom
10977,2023-08-03 05:54:35.675675,WHITE HANGING HEART T-LIGHT HOLDER,24,0.52,United Kingdom
10281,2023-08-03 14:39:16.756756,CREAM CUPID HEARTS COAT HANGER,39,12.65,United Kingdom
10491,2023-08-03 23:23:57.837837,KNITTED UNION FLAG HOT WATER BOTTLE,12,9.2,United Kingdom
10279,2023-08-04 08:08:38.918918,WHITE METAL LANTERN,46,2.94,United Kingdom
10499,2023-08-04 16:53:20.000000,WHITE HANGING HEART T-LIGHT HOLDER,48,0.94,EIRE
10198,2023-08-05 01:38:01.081081,KNITTED UNION FLAG HOT WATER BOTTLE,45,4.73,United Kingdom
10374,2023-08-05 10:22:42.162162,WHITE METAL LANTERN,27,13.95,France
10299,2023-08-05 19:07:23.243243,CREAM CUPID HEARTS COAT HANGER,42,14.04,United Kingdom
10909,2023-08-06 03:52:04.324324,KNITTED UNION FLAG HOT WATER BOTTLE,21,5.01,France
10908,2023-08-06 12:36:45.405405,WHITE METAL LANTERN,38,12.62,United Kingdom
10665,2023-08-06 21:21:26.486486,KNITTED UNION FLAG HOT WATER BOTTLE,35,6.91,United Kingdom
10298,2023-08-07 06:06:07.567567,WHITE HANGING HEART T-LIGHT HOLDER,32,9.99,United Kingdom
10554,2023-08-07 14:50:48.648648,CREAM CUPID HEARTS COAT HANGER,36,5.35,United Kingdom
10321,2023-08-07 23:35:29.729729,WHITE HANGING HEART T-LIGHT HOLDER,33,7.98,EIRE
10109,2023-08-08 08:20:10.810810,WHITE HANGING HEART T-LIGHT HOLDER,43,4.76,United Kingdom
10622,2023-08-08 17:04:51.891891,KNITTED UNION FLAG HOT WATER BOTTLE,17,1.39,United Kingdom
10470,2023-08-09 01:49:32.972972,CREAM CUPID HEARTS COAT HANGER,5,2.52,United Kingdom
10411,2023-08-09 10:34:14.054054,KNITTED UNION FLAG HOT WATER BOTTLE,44,4.71,United Kingdom
10512,2023-08-09 19:18:55.135135,WHITE METAL LANTERN,20,14.66,United Kingdom
10479,2023-08-10 04:03:36.216216,CREAM CUPID HEARTS COAT HANGER,23,14.5,United Kingdom
10139,2023-08-10 12:48:17.297297,WHITE HANGING HEART T-LIGHT HOLDER,39,12.5,United Kingdom
10877,2023-08-10 21:32:58.378378,WHITE HANGING HEART T-LIGHT HOLDER,4,3.87,Germany
10689,2023-08-11 06:17:39.459459,WHITE HANGING HEART T-LIGHT HOLDER,26,6.9,United Kingdom
10948,2023-08-11 15:02:20.540540,KNITTED UNION FLAG HOT WATER BOTTLE,30,6.88,United Kingdom
10503,2023-08-11 23:47:01.621621,KNITTED UNION FLAG HOT WATER BOTTLE,48,6.11,United Kingdom
10059,2023-08-12 08:31:42.702702,KNITTED UNION FLAG HOT WATER BOTTLE,47,1.15,United Kingdom
10182,2023-08-12 17:16:23.783783,CREAM CUPID HEARTS COAT HANGER,46,8.25,France
10418,2023-08-13 02:01:04.864864,CREAM CUPID HEARTS COAT HANGER,29,1.56,EIRE
10956,2023-08-13 10:45:45.945945,CREAM CUPID HEARTS COAT HANGER,34,12.13,United Kingdom
10793,2023-08-13 19:30:27.027027,CREAM CUPID HEARTS COAT HANGER,10,10.52,France
10926,2023-08-14 04:15:08.108108,WHITE METAL LANTERN,20,5.61,United Kingdom
10824,2023-08-14 12:59:49.189189,WHITE HANGING HEART T-LIGHT HOLDER,24,9.88,EIRE
10907,2023-08-14 21:44:30.270270,KNITTED UNION FLAG HOT WATER BOTTLE,34,3.88,United Kingdom
10732,2023-08-15 06:29:11.351351,KNITTED UNION FLAG HOT WATER BOTTLE,37,4.35,United Kingdom
10900,2023-08-15 15:13:52.432432,WHITE METAL LANTERN,13,5.05,United Kingdom
10226,2023-08-15 23:58:33.513513,WHITE HANGING HEART T-LIGHT HOLDER,23,12.06,United Kingdom
10390,2023-08-16 08:43:14.594594,WHITE HANGING HEART T-LIGHT HOLDER,10,3.56,United Kingdom
10143,2023-08-16 17:27:55.675675,WHITE METAL LANTERN,22,8.66,United Kingdom
10735,2023-08-17 02:12:36.756756,CREAM CUPID HEARTS COAT HANGER,45,3.41,United Kingdom
10563,2023-08-17 10:57:17.837837,WHITE HANGING HEART T-LIGHT HOLDER,14,4.63,United Kingdom
10592,2023-08-17 19:41:58.918918,CREAM CUPID HEARTS COAT HANGER,25,3.91,United Kingdom
10660,2023-08-18 04:26:40.000000,WHITE METAL LANTERN,18,9.85,United Kingdom
10026,2023-08-18 13:11:21.081081,KNITTED UNION FLAG HOT WATER BOTTLE,20,8.14,Germany
10743,2023-08-18 21:56:02.162162,KNITTED UNION FLAG HOT WATER BOTTLE,28,10.96,United Kingdom
10622,2023-08-19 06:40:43.243243,KNITTED UNION FLAG HOT WATER BOTTLE,8,3.69,United Kingdom
10507,2023-08-19 15:25:24.324324,KNITTED UNION FLAG HOT WATER BOTTLE,5,0.63,United Kingdom
10883,2023-08-20 00:10:05.405405,WHITE HANGING HEART T-LIGHT HOLDER,21,10.37,United Kingdom
10590,2023-08-20 08:54:46.486486,CREAM CUPID HEARTS COAT HANGER,20,2.17,United Kingdom
10790,2023-08-20 17:39:27.567567,KNITTED UNION FLAG HOT WATER BOTTLE,44,4.07,United Kingdom
10126,2023-08-21 02:24:08.648648,KNITTED UNION FLAG HOT WATER BOTTLE,16,4.93,United Kingdom
10455,2023-08-21 11:08:49.729729,KNITTED UNION FLAG HOT WATER BOTTLE,20,11.33,United Kingdom
10280,2023-08-21 19:53:30.810810,WHITE METAL LANTERN,25,9.58,United Kingdom
10394,2023-08-22 04:38:11.891891,WHITE HANGING HEART T-LIGHT HOLDER,7,3.17,EIRE
10318,2023-08-22 13:22:52.972972,WHITE METAL LANTERN,25,9.17,EIRE
10440,2023-08-22 22:07:34.054054,CREAM CUPID HEARTS COAT HANGER,36,10.77,United Kingdom
10340,2023-08-23 06:52:15.135135,KNITTED UNION FLAG HOT WATER BOTTLE,10,6.14,United Kingdom
10693,2023-08-23 15:36:56.216216,WHITE HANGING HEART T-LIGHT HOLDER,40,4.07,Germany
10118,2023-08-24 00:21:37.297297,WHITE HANGING HEART T-LIGHT HOLDER,16,10.35,Germany
10777,2023-08-24 09:06:18.378378,WHITE HANGING HEART T-LIGHT HOLDER,4,9.36,France
10689,2023-08-24 17:50:59.459459,WHITE METAL LANTERN,10,1.63,United Kingdom
10712,2023-08-25 02:35:40.540540,WHITE METAL LANTERN,48,10.17,United Kingdom
10367,2023-08-25 11:20:21.621621,WHITE METAL LANTERN,31,7.58,United Kingdom
10384,2023-08-25 20:05:02.702702,WHITE METAL LANTERN,12,11.42,Germany
10509,2023-08-26 04:49:43.783783,CREAM CUPID HEARTS COAT HANGER,20,3.27,France
10981,2023-08-26 13:34:24.864864,KNITTED UNION FLAG HOT WATER BOTTLE,32,4.24,United Kingdom
10581,2023-08-26 22:19:05.945945,KNITTED UNION FLAG HOT WATER BOTTLE,2,8.38,United Kingdom
10157,2023-08-27 07:03:47.027027,WHITE METAL LANTERN,11,7.49,United Kingdom
10822,2023-08-27 15:48:28.108108,WHITE METAL LANTERN,20,6.1,France
10609,2023-08-28 00:33:09.189189,WHITE METAL LANTERN,23,11.32,United Kingdom
10716,2023-08-28 09:17:50.270270,CREAM CUPID HEARTS COAT HANGER,13,8.69,United Kingdom
10085,2023-08-28 18:02:31.351351,CREAM CUPID HEARTS COAT HANGER,35,10.8,United Kingdom
10901,2023-08-29 02:47:12.432432,WHITE HANGING HEART T-LIGHT HOLDER,17,2.72,United Kingdom
10360,2023-08-29 11:31:53.513513,KNITTED UNION FLAG HOT WATER BOTTLE,10,11.07,United Kingdom
10791,2023-08-29 20:16:34.594594,WHITE METAL LANTERN,40,7.19,France
10084,2023-08-30 05:01:15.675675,WHITE HANGING HEART T-LIGHT HOLDER,38,0.99,United Kingdom
10358,2023-08-30 13:45:56.756756,KNITTED UNION FLAG HOT WATER BOTTLE,14,3.9,United Kingdom
10726,2023-08-30 22:30:37.837837,WHITE HANGING HEART T-LIGHT HOLDER,19,0.87,United Kingdom
10132,2023-08-31 07:15:18.918918,CREAM CUPID HEARTS COAT HANGER,32,7.12,United Kingdom
10902,2023-08-31 16:00:00.000000,CREAM CUPID HEARTS COAT HANGER,33,5.23,United Kingdom
10386,2023-09-01 00:44:41.081081,WHITE HANGING HEART T-LIGHT HOLDER,43,14.82,United Kingdom
10246,2023-09-01 09:29:22.162162,WHITE HANGING HEART T-LIGHT HOLDER,25,13.09,United Kingdom
10140,2023-09-01 18:14:03.243243,KNITTED UNION FLAG HOT WATER BOTTLE,25,12.47,France
10949,2023-09-02 02:58:44.324324,WHITE METAL LANTERN,14,7.77,United Kingdom
10446,2023-09-02 11:43:25.405405,KNITTED UNION FLAG HOT WATER BOTTLE,45,12.2,United Kingdom
10075,2023-09-02 20:28:06.486486,KNITTED UNION FLAG HOT WATER BOTTLE,44,4.37,United Kingdom
10901,2023-09-03 05:12:47.567567,CREAM CUPID HEARTS COAT HANGER,38,8.63,France
10097,2023-09-03 13:57:28.648648,CREAM CUPID HEARTS COAT HANGER,36,6.2,France
10974,2023-09-03 22:42:09.729729,WHITE HANGING HEART T-LIGHT HOLDER,24,2.98,United Kingdom
10302,2023-09-04 07:26:50.810810,CREAM CUPID HEARTS COAT HANGER,41,1.55,United Kingdom
10465,2023-09-04 16:11:31.891891,KNITTED UNION FLAG HOT WATER BOTTLE,39,8.59,United Kingdom
10054,2023-09-05 00:56:12.972972,WHITE HANGING HEART T-LIGHT HOLDER,39,1.92,United Kingdom
10304,2023-09-05 09:40:54.054054,WHITE HANGING HEART T-LIGHT HOLDER,13,10.91,United Kingdom
10952,2023-09-05 18:25:35.135135,CREAM CUPID HEARTS COAT HANGER,2,13.86,United Kingdom
10770,2023-09-06 03:10:16.216216,WHITE METAL LANTERN,34,2.85,United Kingdom
10533,2023-09-06 11:54:57.297297,CREAM CUPID HEARTS COAT HANGER,15,7.33,United Kingdom
10034,2023-09-06 20:39:38.378378,WHITE HANGING HEART T-LIGHT HOLDER,48,11.21,France
10539,2023-09-07 05:24:19.459459,WHITE HANGING HEART T-LIGHT HOLDER,2,4.66,United Kingdom
10488,2023-09-07 14:09:00.540540,WHITE METAL LANTERN,25,13.85,Germany
10681,2023-09-07 22:53:41.621621,KNITTED UNION FLAG HOT WATER BOTTLE,5,13.38,United Kingdom
10139,2023-09-08 07:38:22.702702,WHITE HANGING HEART T-LIGHT HOLDER,34,2.0,United Kingdom
10640,2023-09-08 16:23:03.783783,WHITE METAL LANTERN,39,0.9,United Kingdom
10099,2023-09-09 01:07:44.864864,KNITTED UNION FLAG HOT WATER BOTTLE,5,14.66,United Kingdom
10989,2023-09-09 09:52:25.945945,CREAM CUPID HEARTS COAT HANGER,43,14.37,United Kingdom
10372,2023-09-09 18:37:07.027027,WHITE METAL LANTERN,8,6.62,United Kingdom
10758,2023-09-10 03:21:48.108108,KNITTED UNION FLAG HOT WATER BOTTLE,49,1.23,United Kingdom
10022,2023-09-10 12:06:29.189189,WHITE HANGING HEART T-LIGHT HOLDER,14,9.47,Germany
10868,2023-09-10 20:51:10.270270,WHITE HANGING HEART T-LIGHT HOLDER,29,4.75,United Kingdom
10283,2023-09-11 05:35:51.351351,WHITE METAL LANTERN,30,14.08,United Kingdom
10112,2023-09-11 14:20:32.432432,CREAM CUPID HEARTS COAT HANGER,37,12.02,Germany
10372,2023-09-11 23:05:13.513513,WHITE METAL LANTERN,4,9.92,United Kingdom
10196,2023-09-12 07:49:54.594594,WHITE HANGING HEART T-LIGHT HOLDER,35,4.63,United Kingdom
10163,2023-09-12 16:34:35.675675,KNITTED UNION FLAG HOT WATER BOTTLE,7,10.67,United Kingdom
10892,2023-09-13 01:19:16.756756,CREAM CUPID HEARTS COAT HANGER,26,4.69,United Kingdom
10821,2023-09-13 10:03:57.837837,KNITTED UNION FLAG HOT WATER BOTTLE,32,1.05,United Kingdom
10430,2023-09-13 18:48:38.918918,WHITE METAL LANTERN,43,7.87,United Kingdom
10567,2023-09-14 03:33:20.000000,WHITE METAL LANTERN,33,7.59,United Kingdom
10009,2023-09-14 12:18:01.081081,KNITTED UNION FLAG HOT WATER BOTTLE,24,11.56,United Kingdom
10644,2023-09-14 21:02:42.162162,KNITTED UNION FLAG HOT WATER BOTTLE,1,13.05,United Kingdom
10397,2023-09-15 05:47:23.243243,KNITTED UNION FLAG HOT WATER BOTTLE,29,5.64,United Kingdom
10151,2023-09-15 14:32:04.324324,WHITE METAL LANTERN,48,7.02,United Kingdom
10190,2023-09-15 23:16:45.405405,KNITTED UNION FLAG HOT WATER BOTTLE,45,7.32,United Kingdom
10795,2023-09-16 08:01:26.486486,WHITE HANGING HEART T-LIGHT HOLDER,38,5.2,United Kingdom
10276,2023-09-16 16:46:07.567567,KNITTED UNION FLAG HOT WATER BOTTLE,38,11.28,United Kingdom
10492,2023-09-17 01:30:48.648648,WHITE HANGING HEART T-LIGHT HOLDER,21,8.07,United Kingdom
10242,2023-09-17 10:15:29.729729,WHITE HANGING HEART T-LIGHT HOLDER,23,13.75,Germany
10487,2023-09-17 19:00:10.810810,KNITTED UNION FLAG HOT WATER BOTTLE,46,9.93,United Kingdom
10843,2023-09-18 03:44:51.891891,CREAM CUPID HEARTS COAT HANGER,5,3.57,United Kingdom
10275,2023-09-18 12:29:32.972972,CREAM CUPID HEARTS COAT HANGER,30,2.89,Germany
10189,2023-09-18 21:14:14.054054,CREAM CUPID HEARTS COAT HANGER,40,5.9,EIRE
10626,2023-09-19 05:58:55.135135,WHITE HANGING HEART T-LIGHT HOLDER,18,5.53,United Kingdom
10863,2023-09-19 14:43:36.216216,CREAM CUPID HEARTS COAT HANGER,6,6.4,Germany
10306,2023-09-19 23:28:17.297297,CREAM CUPID HEARTS COAT HANGER,5,3.16,United Kingdom
10869,2023-09-20 08:12:58.378378,KNITTED UNION FLAG HOT WATER BOTTLE,42,14.68,United Kingdom
10295,2023-09-20 16:57:39.459459,WHITE METAL LANTERN,18,2.61,United Kingdom
10233,2023-09-21 01:42:20.540540,WHITE HANGING HEART T-LIGHT HOLDER,13,9.96,United Kingdom
10340,2023-09-21 10:27:01.621621,WHITE METAL LANTERN,20,0.69,United Kingdom
10592,2023-09-21 19:11:42.702702,WHITE HANGING HEART T-LIGHT HOLDER,38,6.4,United Kingdom
10192,2023-09-22 03:56:23.783783,WHITE HANGING HEART T-LIGHT HOLDER,21,4.98,Germany
10882,2023-09-22 12:41:04.864864,CREAM CUPID HEARTS COAT HANGER,4,6.04,United Kingdom
10363,2023-09-22 21:25:45.945945,KNITTED UNION FLAG HOT WATER BOTTLE,13,7.72,United Kingdom
10923,2023-09-23 06:10:27.027027,WHITE METAL LANTERN,18,9.21,United Kingdom
10949,2023-09-23 14:55:08.108108,WHITE METAL LANTERN,13,8.96,EIRE
10257,2023-09-23 23:39:49.189189,CREAM CUPID HEARTS COAT HANGER,13,9.65,France
10976,2023-09-24 08:24:30.270270,WHITE METAL LANTERN,39,12.75,United Kingdom
10510,2023-09-24 17:09:11.351351,WHITE METAL LANTERN,37,13.36,France
10230,2023-09-25 01:53:52.432432,WHITE HANGING HEART T-LIGHT HOLDER,35,11.19,France
10013,2023-09-25 10:38:33.513513,KNITTED UNION FLAG HOT WATER BOTTLE,38,1.64,Germany
10013,2023-09-25 19:23:14.594594,KNITTED UNION FLAG HOT WATER BOTTLE,40,14.44,United Kingdom
10555,2023-09-26 04:07:55.675675,WHITE METAL LANTERN,27,14.24,United Kingdom
10209,2023-09-26 12:52:36.756756,WHITE METAL LANTERN,26,10.82,United Kingdom
10039,2023-09-26 21:37:17.837837,WHITE HANGING HEART T-LIGHT HOLDER,12,8.0,EIRE
10033,2023-09-27 06:21:58.918918,CREAM CUPID HEARTS COAT HANGER,2,4.13,EIRE
10746,2023-09-27 15:06:40.000000,WHITE HANGING HEART T-LIGHT HOLDER,43,11.47,United Kingdom
10832,2023-09-27 23:51:21.081081,CREAM CUPID HEARTS COAT HANGER,20,13.23,United Kingdom
10233,2023-09-28 08:36:02.162162,CREAM CUPID HEARTS COAT HANGER,35,10.15,United Kingdom
10785,2023-09-28 17:20:43.243243,WHITE HANGING HEART T-LIGHT HOLDER,10,9.62,United Kingdom
10879,2023-09-29 02:05:24.324324,KNITTED UNION FLAG HOT WATER BOTTLE,8,3.3,United Kingdom
10289,2023-09-29 10:50:05.405405,WHITE HANGING HEART T-LIGHT HOLDER,40,5.69,United Kingdom
10854,2023-09-29 19:34:46.486486,CREAM CUPID HEARTS COAT HANGER,46,10.99,United Kingdom
10432,2023-09-30 04:19:27.567567,KNITTED UNION FLAG HOT WATER BOTTLE,36,0.75,EIRE
10847,2023-09-30 13:04:08.648648,KNITTED UNION FLAG HOT WATER BOTTLE,31,9.8,United Kingdom
10978,2023-09-30 21:48:49.729729,WHITE HANGING HEART T-LIGHT HOLDER,15,11.62,Germany
10740,2023-10-01 06:33:30.810810,KNITTED UNION FLAG HOT WATER BOTTLE,42,5.35,United Kingdom
10891,2023-10-01 15:18:11.891891,KNITTED UNION FLAG HOT WATER BOTTLE,18,1.6,United Kingdom
10950,2023-10-02 00:02:52.972972,WHITE HANGING HEART T-LIGHT HOLDER,15,12.38,United Kingdom
10317,2023-10-02 08:47:34.054054,WHITE METAL LANTERN,19,2.56,EIRE
10639,2023-10-02 17:32:15.135135,KNITTED UNION FLAG HOT WATER BOTTLE,24,5.88,United Kingdom
10837,2023-10-03 02:16:56.216216,WHITE HANGING HEART T-LIGHT HOLDER,35,10.76,United Kingdom
10407,2023-10-03 11:01:37.297297,WHITE HANGING HEART T-LIGHT HOLDER,2,12.35,United Kingdom
10720,2023-10-03 19:46:18.378378,WHITE METAL LANTERN,13,13.0,United Kingdom
10815,2023-10-04 04:30:59.459459,KNITTED UNION FLAG HOT WATER BOTTLE,45,8.19,United Kingdom
10079,2023-10-04 13:15:40.540540,CREAM CUPID HEARTS COAT HANGER,9,7.4,United Kingdom
10806,2023-10-04 22:00:21.621621,CREAM CUPID HEARTS COAT HANGER,35,12.8,United Kingdom
10175,2023-10-05 06:45:02.702702,KNITTED UNION FLAG HOT WATER BOTTLE,2,8.66,United Kingdom
10744,2023-10-05 15:29:43.783783,KNITTED UNION FLAG HOT WATER BOTTLE,46,8.89,United Kingdom
10837,2023-10-06 00:14:24.864864,WHITE HANGING HEART T-LIGHT HOLDER,16,6.79,Germany
10847,2023-10-06 08:59:05.945945,WHITE HANGING HEART T-LIGHT HOLDER,46,5.91,United Kingdom
10776,2023-10-06 17:43:47.027027,CREAM CUPID HEARTS COAT HANGER,36,7.47,Germany
10284,2023-10-07 02:28:28.108108,KNITTED UNION FLAG HOT WATER BOTTLE,2,5.79,United Kingdom
10963,2023-10-07 11:13:09.189189,WHITE HANGING HEART T-LIGHT HOLDER,16,5.48,United Kingdom
10955,2023-10-07 19:57:50.270270,CREAM CUPID HEARTS COAT HANGER,8,14.91,United Kingdom
10921,2023-10-08 04:42:31.351351,CREAM CUPID HEARTS COAT HANGER,1,5.38,United Kingdom
10629,2023-10-08 13:27:12.432432,WHITE METAL LANTERN,18,4.22,EIRE
10677,2023-10-08 22:11:53.513513,KNITTED UNION FLAG HOT WATER BOTTLE,41,5.63,EIRE
10317,2023-10-09 06:56:34.594594,WHITE METAL LANTERN,26,9.07,United Kingdom
10409,2023-10-09 15:41:15.675675,WHITE HANGING HEART T-LIGHT HOLDER,44,13.71,United Kingdom
10141,2023-10-10 00:25:56.756756,WHITE HANGING HEART T-LIGHT HOLDER,5,11.92,United Kingdom
10994,2023-10-10 09:10:37.837837,CREAM CUPID HEARTS COAT HANGER,21,12.71,United Kingdom
10246,2023-10-10 17:55:18.918918,WHITE HANGING HEART T-LIGHT HOLDER,35,12.96,United Kingdom
10176,2023-10-11 02:40:00.000000,WHITE METAL LANTERN,40,13.85,United Kingdom
10810,2023-10-11 11:24:41.081081,KNITTED UNION FLAG HOT WATER BOTTLE,28,3.91,United Kingdom
10343,2023-10-11 20:09:22.162162,CREAM CUPID HEARTS COAT HANGER,26,7.15,United Kingdom
10263,2023-10-12 04:54:03.243243,CREAM CUPID HEARTS COAT HANGER,32,6.09,United Kingdom
10167,2023-10-12 13:38:44.324324,WHITE HANGING HEART T-LIGHT HOLDER,48,6.04,United Kingdom
10024,2023-10-12 22:23:25.405405,CREAM CUPID HEARTS COAT HANGER,44,9.96,United Kingdom
10702,2023-10-13 07:08:06.486486,CREAM CUPID HEARTS COAT HANGER,44,6.33,United Kingdom
10899,2023-10-13 15:52:47.567567,KNITTED UNION FLAG HOT WATER BOTTLE,21,9.44,United Kingdom
10526,2023-10-14 00:37:28.648648,CREAM CUPID HEARTS COAT HANGER,4,6.04,United Kingdom
10527,2023-10-14 09:22:09.729729,KNITTED UNION FLAG HOT WATER BOTTLE,42,5.01,United Kingdom
10309,2023-10-14 18:06:50.810810,WHITE METAL LANTERN,41,5.62,France
10638,2023-10-15 02:51:31.891891,CREAM CUPID HEARTS COAT HANGER,36,12.15,United Kingdom
10778,2023-10-15 11:36:12.972972,WHITE METAL LANTERN,24,9.22,United Kingdom
10027,2023-10-15 20:20:54.054054,KNITTED UNION FLAG HOT WATER BOTTLE,33,14.62,France
10774,2023-10-16 05:05:35.135135,CREAM CUPID HEARTS COAT HANGER,5,12.57,United Kingdom
10369,2023-10-16 13:50:16.216216,WHITE HANGING HEART T-LIGHT HOLDER,3,7.54,France
10383,2023-10-16 22:34:57.297297,WHITE HANGING HEART T-LIGHT HOLDER,11,4.01,United Kingdom
10293,2023-10-17 07:19:38.378378,CREAM CUPID HEARTS COAT HANGER,45,10.27,United Kingdom
10663,2023-10-17 16:04:19.459459,KNITTED UNION FLAG HOT WATER BOTTLE,32,11.04,United Kingdom
10478,2023-10-18 00:49:00.540540,WHITE HANGING HEART T-LIGHT HOLDER,22,7.23,United Kingdom
10579,2023-10-18 09:33:41.621621,WHITE METAL LANTERN,11,3.83,United Kingdom
10036,2023-10-18 18:18:22.702702,KNITTED UNION FLAG HOT WATER BOTTLE,38,8.58,United Kingdom
10887,2023-10-19 03:03:03.783783,KNITTED UNION FLAG HOT WATER BOTTLE,22,4.18,United Kingdom
10546,2023-10-19 11:47:44.864864,CREAM CUPID HEARTS COAT HANGER,4,14.13,United Kingdom
10645,2023-10-19 20:32:25.945945,WHITE METAL LANTERN,39,9.62,France
10877,2023-10-20 05:17:07.027027,KNITTED UNION FLAG HOT WATER BOTTLE,3,4.73,France
10672,2023-10-20 14:01:48.108108,CREAM CUPID HEARTS COAT HANGER,10,3.63,United Kingdom
10371,2023-10-20 22:46:29.189189,WHITE METAL LANTERN,37,10.89,United Kingdom
10735,2023-10-21 07:31:10.270270,KNITTED UNION FLAG HOT WATER BOTTLE,19,10.76,United Kingdom
10621,2023-10-21 16:15:51.351351,WHITE HANGING HEART T-LIGHT HOLDER,18,9.16,United Kingdom
10101,2023-10-22 01:00:32.432432,WHITE METAL LANTERN,28,9.41,Germany
10354,2023-10-22 09:45:13.513513,KNITTED UNION FLAG HOT WATER BOTTLE,31,9.26,United Kingdom
10464,2023-10-22 18:29:54.594594,WHITE METAL LANTERN,17,5.72,EIRE
10693,2023-10-23 03:14:35.675675,WHITE HANGING HEART T-LIGHT HOLDER,24,14.09,France
10479,2023-10-23 11:59:16.756756,KNITTED UNION FLAG HOT WATER BOTTLE,1,7.45,United Kingdom
10909,2023-10-23 20:43:57.837837,WHITE HANGING HEART T-LIGHT HOLDER,5,0.79,United Kingdom
10658,2023-10-24 05:28:38.918918,CREAM CUPID HEARTS COAT HANGER,32,5.55,United Kingdom
10215,2023-10-24 14:13:20.000000,CREAM CUPID HEARTS COAT HANGER,17,2.39,EIRE
10998,2023-10-24 22:58:01.081081,KNITTED UNION FLAG HOT WATER BOTTLE,21,5.77,United Kingdom
10650,2023-10-25 07:42:42.162162,KNITTED UNION FLAG HOT WATER BOTTLE,41,9.32,United Kingdom
10326,2023-10-25 16:27:23.243243,WHITE METAL LANTERN,43,0.83,United Kingdom
10940,2023-10-26 01:12:04.324324,KNITTED UNION FLAG HOT WATER BOTTLE,22,13.12,United Kingdom
10699,2023-10-26 09:56:45.405405,CREAM CUPID HEARTS COAT HANGER,39,9.35,EIRE
10599,2023-10-26 18:41:26.486486,KNITTED UNION FLAG HOT WATER BOTTLE,39,4.78,Germany
10246,2023-10-27 03:26:07.567567,WHITE METAL LANTERN,34,5.01,United Kingdom
10697,2023-10-27 12:10:48.648648,CREAM CUPID HEARTS COAT HANGER,14,7.25,United Kingdom
10087,2023-10-27 20:55:29.729729,KNITTED UNION FLAG HOT WATER BOTTLE,16,4.1,Germany
10333,2023-10-28 05:40:10.810810,WHITE HANGING HEART T-LIGHT HOLDER,5,0.56,United Kingdom
10663,2023-10-28 14:24:51.891891,WHITE HANGING HEART T-LIGHT HOLDER,18,0.89,United Kingdom
10778,2023-10-28 23:09:32.972972,WHITE HANGING HEART T-LIGHT HOLDER,4,5.69,United Kingdom
10199,2023-10-29 07:54:14.054054,WHITE HANGING HEART T-LIGHT HOLDER,44,2.3,United Kingdom
10382,2023-10-29 16:38:55.135135,WHITE METAL LANTERN,28,0.82,United Kingdom
10427,2023-10-30 01:23:36.216216,WHITE HANGING HEART T-LIGHT HOLDER,45,12.96,United Kingdom
10334,2023-10-30 10:08:17.297297,WHITE HANGING HEART T-LIGHT HOLDER,27,4.47,United Kingdom
10757,2023-10-30 18:52:58.378378,KNITTED UNION FLAG HOT WATER BOTTLE,6,7.8,United Kingdom
10449,2023-10-31 03:37:39.459459,WHITE HANGING HEART T-LIGHT HOLDER,11,3.1,United Kingdom
10215,2023-10-31 12:22:20.540540,WHITE HANGING HEART T-LIGHT HOLDER,47,1.18,United Kingdom
10940,2023-10-31 21:07:01.621621,KNITTED UNION FLAG HOT WATER BOTTLE,21,11.3,United Kingdom
10585,2023-11-01 05:51:42.702702,CREAM CUPID HEARTS COAT HANGER,17,2.31,United Kingdom
10671,2023-11-01 14:36:23.783783,WHITE METAL LANTERN,31,0.87,United Kingdom
10254,2023-11-01 23:21:04.864864,WHITE METAL LANTERN,34,9.01,United Kingdom
10528,2023-11-02 08:05:45.945945,CREAM CUPID HEARTS COAT HANGER,13,0.7,United Kingdom
10504,2023-11-02 16:50:27.027027,KNITTED UNION FLAG HOT WATER BOTTLE,23,6.83,United Kingdom
10437,2023-11-03 01:35:08.108108,CREAM CUPID HEARTS COAT HANGER,1,4.69,United Kingdom
10649,2023-11-03 10:19:49.189189,WHITE METAL LANTERN,4,5.13,United Kingdom
10469,2023-11-03 19:04:30.270270,WHITE METAL LANTERN,30,0.56,United Kingdom
10005,2023-11-04 03:49:11.351351,CREAM CUPID HEARTS COAT HANGER,31,14.48,United Kingdom
10218,2023-11-04 12:33:52.432432,WHITE HANGING HEART T-LIGHT HOLDER,47,8.0,United Kingdom
10915,2023-11-04 21:18:33.513513,WHITE METAL LANTERN,16,8.8,EIRE
10512,2023-11-05 06:03:14.594594,CREAM CUPID HEARTS COAT HANGER,43,10.16,United Kingdom
10575,2023-11-05 14:47:55.675675,WHITE HANGING HEART T-LIGHT HOLDER,3,12.06,United Kingdom
10720,2023-11-05 23:32:36.756756,WHITE HANGING HEART T-LIGHT HOLDER,12,9.31,United Kingdom
10512,2023-11-06 08:17:17.837837,KNITTED UNION FLAG HOT WATER BOTTLE,12,11.55,France
10868,2023-11-06 17:01:58.918918,CREAM CUPID HEARTS COAT HANGER,11,7.01,France
10188,2023-11-07 01:46:40.000000,WHITE METAL LANTERN,16,5.88,United Kingdom
10974,2023-11-07 10:31:21.081081,KNITTED UNION FLAG HOT WATER BOTTLE,29,12.44,United Kingdom
10246,2023-11-07 19:16:02.162162,WHITE METAL LANTERN,21,13.05,United Kingdom
10768,2023-11-08 04:00:43.243243,WHITE HANGING HEART T-LIGHT HOLDER,45,2.5,United Kingdom
10976,2023-11-08 12:45:24.324324,CREAM CUPID HEARTS COAT HANGER,44,8.37,Germany
10685,2023-11-08 21:30:05.405405,WHITE HANGING HEART T-LIGHT HOLDER,42,10.41,United Kingdom
10620,2023-11-09 06:14:46.486486,WHITE HANGING HEART T-LIGHT HOLDER,43,1.71,United Kingdom
10571,2023-11-09 14:59:27.567567,WHITE HANGING HEART T-LIGHT HOLDER,5,13.98,Germany
10554,2023-11-09 23:44:08.648648,CREAM CUPID HEARTS COAT HANGER,13,8.04,United Kingdom
10427,2023-11-10 08:28:49.729729,KNITTED UNION FLAG HOT WATER BOTTLE,17,9.86,United Kingdom
10549,2023-11-10 17:13:30.810810,WHITE METAL LANTERN,12,3.08,United Kingdom
10362,2023-11-11 01:58:11.891891,WHITE HANGING HEART T-LIGHT HOLDER,17,4.33,United Kingdom
10769,2023-11-11 10:42:52.972972,WHITE METAL LANTERN,1,2.25,United Kingdom
10593,2023-11-11 19:27:34.054054,WHITE METAL LANTERN,8,4.33,United Kingdom
10395,2023-11-12 04:12:15.135135,KNITTED UNION FLAG HOT WATER BOTTLE,16,7.64,United Kingdom
10732,2023-11-12 12:56:56.216216,CREAM CUPID HEARTS COAT HANGER,15,12.59,United Kingdom
10918,2023-11-12 21:41:37.297297,WHITE METAL LANTERN,19,8.24,United Kingdom
10622,2023-11-13 06:26:18.378378,KNITTED UNION FLAG HOT WATER BOTTLE,25,4.04,United Kingdom
10776,2023-11-13 15:10:59.459459,WHITE METAL LANTERN,31,1.15,United Kingdom
10135,2023-11-13 23:55:40.540540,WHITE HANGING HEART T-LIGHT HOLDER,42,9.52,France
10433,2023-11-14 08:40:21.621621,KNITTED UNION FLAG HOT WATER BOTTLE,2,6.59,Germany
10847,2023-11-14 17:25:02.702702,CREAM CUPID HEARTS COAT HANGER,25,14.77,United Kingdom
10317,2023-11-15 02:09:43.783783,CREAM CUPID HEARTS COAT HANGER,31,11.81,United Kingdom
10534,2023-11-15 10:54:24.864864,WHITE HANGING HEART T-LIGHT HOLDER,4,12.22,United Kingdom
10500,2023-11-15 19:39:05.945945,WHITE HANGING HEART T-LIGHT HOLDER,4,0.68,United Kingdom
10348,2023-11-16 04:23:47.027027,WHITE METAL LANTERN,12,11.78,France
10058,2023-11-16 13:08:28.108108,KNITTED UNION FLAG HOT WATER BOTTLE,17,3.32,Germany
10777,2023-11-16 21:53:09.189189,KNITTED UNION FLAG HOT WATER BOTTLE,21,8.99,Germany
10139,2023-11-17 06:37:50.270270,KNITTED UNION FLAG HOT WATER BOTTLE,29,6.99,France
10957,2023-11-17 15:22:31.351351,KNITTED UNION FLAG HOT WATER BOTTLE,22,8.79,United Kingdom
10892,2023-11-18 00:07:12.432432,WHITE METAL LANTERN,36,2.43,United Kingdom
10627,2023-11-18 08:51:53.513513,KNITTED UNION FLAG HOT WATER BOTTLE,40,7.12,France
10203,2023-11-18 17:36:34.594594,KNITTED UNION FLAG HOT WATER BOTTLE,16,1.04,France
10157,2023-11-19 02:21:15.675675,CREAM CUPID HEARTS COAT HANGER,15,1.09,Germany
10329,2023-11-19 11:05:56.756756,CREAM CUPID HEARTS COAT HANGER,30,10.04,United Kingdom
10973,2023-11-19 19:50:37.837837,WHITE METAL LANTERN,46,14.3,United Kingdom
10195,2023-11-20 04:35:18.918918,WHITE HANGING HEART T-LIGHT HOLDER,11,11.77,United Kingdom
10430,2023-11-20 13:20:00.000000,CREAM CUPID HEARTS COAT HANGER,13,7.3,United Kingdom
10723,2023-11-20 22:04:41.081081,WHITE HANGING HEART T-LIGHT HOLDER,23,1.31,United Kingdom
10552,2023-11-21 06:49:22.162162,WHITE METAL LANTERN,40,1.15,EIRE
10870,2023-11-21 15:34:03.243243,CREAM CUPID HEARTS COAT HANGER,41,2.79,Germany
10518,2023-11-22 00:18:44.324324,CREAM CUPID HEARTS COAT HANGER,34,14.65,United Kingdom
10861,2023-11-22 09:03:25.405405,WHITE METAL LANTERN,20,6.28,United Kingdom
10883,2023-11-22 17:48:06.486486,KNITTED UNION FLAG HOT WATER BOTTLE,2,12.73,United Kingdom
10616,2023-11-23 02:32:47.567567,WHITE METAL LANTERN,8,10.72,United Kingdom
10471,2023-11-23 11:17:28.648648,WHITE HANGING HEART T-LIGHT HOLDER,18,9.28,United Kingdom
10457,2023-11-23 20:02:09.729729,WHITE HANGING HEART T-LIGHT HOLDER,7,14.24,United Kingdom
10819,2023-11-24 04:46:50.810810,KNITTED UNION FLAG HOT WATER BOTTLE,43,3.84,Germany
10044,2023-11-24 13:31:31.891891,WHITE METAL LANTERN,31,7.1,United Kingdom
10037,2023-11-24 22:16:12.972972,WHITE METAL LANTERN,22,13.04,United Kingdom
10675,2023-11-25 07:00:54.054054,KNITTED UNION FLAG HOT WATER BOTTLE,28,8.5,United Kingdom
10592,2023-11-25 15:45:35.135135,WHITE METAL LANTERN,25,4.07,Germany
10340,2023-11-26 00:30:16.216216,CREAM CUPID HEARTS COAT HANGER,1,3.53,France
10569,2023-11-26 09:14:57.297297,WHITE METAL LANTERN,32,11.42,EIRE
10301,2023-11-26 17:59:38.378378,CREAM CUPID HEARTS COAT HANGER,25,0.69,United Kingdom
10634,2023-11-27 02:44:19.459459,WHITE METAL LANTERN,48,13.76,United Kingdom
10706,2023-11-27 11:29:00.540540,CREAM CUPID HEARTS COAT HANGER,16,0.77,Germany
10192,2023-11-27 20:13:41.621621,WHITE HANGING HEART T-LIGHT HOLDER,29,9.65,United Kingdom
10913,2023-11-28 04:58:22.702702,KNITTED UNION FLAG HOT WATER BOTTLE,42,9.27,United Kingdom
10897,2023-11-28 13:43:03.783783,WHITE HANGING HEART T-LIGHT HOLDER,24,8.89,United Kingdom
10615,2023-11-28 22:27:44.864864,CREAM CUPID HEARTS COAT HANGER,17,7.38,France
10623,2023-11-29 07:12:25.945945,KNITTED UNION FLAG HOT WATER BOTTLE,42,12.86,Germany
10131,2023-11-29 15:57:07.027027,WHITE HANGING HEART T-LIGHT HOLDER,6,10.06,United Kingdom
10607,2023-11-30 00:41:48.108108,WHITE HANGING HEART T-LIGHT HOLDER,14,11.84,United Kingdom
10594,2023-11-30 09:26:29.189189,CREAM CUPID HEARTS COAT HANGER,26,2.18,Germany
10467,2023-11-30 18:11:10.270270,WHITE METAL LANTERN,28,1.22,United Kingdom
10169,2023-12-01 02:55:51.351351,WHITE METAL LANTERN,47,0.91,United Kingdom
10560,2023-12-01 11:40:32.432432,CREAM CUPID HEARTS COAT HANGER,36,2.63,United Kingdom
10944,2023-12-01 20:25:13.513513,WHITE HANGING HEART T-LIGHT HOLDER,31,10.17,United Kingdom
10884,2023-12-02 05:09:54.594594,WHITE METAL LANTERN,27,7.66,United Kingdom
10646,2023-12-02 13:54:35.675675,WHITE METAL LANTERN,2,11.41,United Kingdom
10264,2023-12-02 22:39:16.756756,WHITE HANGING HEART T-LIGHT HOLDER,19,3.28,United Kingdom
10198,2023-12-03 07:23:57.837837,CREAM CUPID HEARTS COAT HANGER,28,5.82,Germany
10282,2023-12-03 16:08:38.918918,CREAM CUPID HEARTS COAT HANGER,45,13.38,United Kingdom
10404,2023-12-04 00:53:20.000000,WHITE METAL LANTERN,44,14.07,France
10546,2023-12-04 09:38:01.081081,CREAM CUPID HEARTS COAT HANGER,21,13.87,United Kingdom
10855,2023-12-04 18:22:42.162162,WHITE HANGING HEART T-LIGHT HOLDER,45,12.37,United Kingdom
10479,2023-12-05 03:07:23.243243,CREAM CUPID HEARTS COAT HANGER,15,10.48,United Kingdom
10203,2023-12-05 11:52:04.324324,KNITTED UNION FLAG HOT WATER BOTTLE,34,13.75,United Kingdom
10470,2023-12-05 20:36:45.405405,CREAM CUPID HEARTS COAT HANGER,40,10.86,United Kingdom
10931,2023-12-06 05:21:26.486486,CREAM CUPID HEARTS COAT HANGER,3,14.33,United Kingdom
10752,2023-12-06 14:06:07.567567,CREAM CUPID HEARTS COAT HANGER,1,0.86,EIRE
10348,2023-12-06 22:50:48.648648,KNITTED UNION FLAG HOT WATER BOTTLE,24,13.86,United Kingdom
10834,2023-12-07 07:35:29.729729,WHITE HANGING HEART T-LIGHT HOLDER,43,8.56,United Kingdom
10042,2023-12-07 16:20:10.810810,CREAM CUPID HEARTS COAT HANGER,27,2.12,United Kingdom
10775,2023-12-08 01:04:51.891891,WHITE METAL LANTERN,9,3.62,United Kingdom
10481,2023-12-08 09:49:32.972972,CREAM CUPID HEARTS COAT HANGER,24,12.86,United Kingdom
10376,2023-12-08 18:34:14.054054,KNITTED UNION FLAG HOT WATER BOTTLE,17,7.84,United Kingdom
10077,2023-12-09 03:18:55.135135,KNITTED UNION FLAG HOT WATER BOTTLE,28,14.75,United Kingdom
10035,2023-12-09 12:03:36.216216,WHITE METAL LANTERN,39,2.2,United Kingdom
10382,2023-12-09 20:48:17.297297,KNITTED UNION FLAG HOT WATER BOTTLE,4,6.48,United Kingdom
10815,2023-12-10 05:32:58.378378,KNITTED UNION FLAG HOT WATER BOTTLE,29,5.31,United Kingdom
10173,2023-12-10 14:17:39.459459,KNITTED UNION FLAG HOT WATER BOTTLE,45,7.98,United Kingdom
10927,2023-12-10 23:02:20.540540,WHITE HANGING HEART T-LIGHT HOLDER,28,9.68,United Kingdom
10646,2023-12-11 07:47:01.621621,KNITTED UNION FLAG HOT WATER BOTTLE,37,10.09,United Kingdom
10329,2023-12-11 16:31:42.702702,CREAM CUPID HEARTS COAT HANGER,29,0.52,United Kingdom
10651,2023-12-12 01:16:23.783783,WHITE METAL LANTERN,44,1.79,United Kingdom
10054,2023-12-12 10:01:04.864864,CREAM CUPID HEARTS COAT HANGER,29,1.01,United Kingdom
10763,2023-12-12 18:45:45.945945,CREAM CUPID HEARTS COAT HANGER,5,13.04,United Kingdom
10999,2023-12-13 03:30:27.027027,WHITE METAL LANTERN,11,5.04,France
10278,2023-12-13 12:15:08.108108,WHITE HANGING HEART T-LIGHT HOLDER,2,5.82,United Kingdom
10458,2023-12-13 20:59:49.189189,WHITE HANGING HEART T-LIGHT HOLDER,4,7.03,United Kingdom
10691,2023-12-14 05:44:30.270270,KNITTED UNION FLAG HOT WATER BOTTLE,10,12.81,United Kingdom
10524,2023-12-14 14:29:11.351351,WHITE HANGING HEART T-LIGHT HOLDER,39,0.71,EIRE
10715,2023-12-14 23:13:52.432432,WHITE HANGING HEART T-LIGHT HOLDER,44,2.22,EIRE
10454,2023-12-15 07:58:33.513513,KNITTED UNION FLAG HOT WATER BOTTLE,8,10.43,United Kingdom
10820,2023-12-15 16:43:14.594594,WHITE HANGING HEART T-LIGHT HOLDER,23,14.48,United Kingdom
10574,2023-12-16 01:27:55.675675,WHITE HANGING HEART T-LIGHT HOLDER,27,9.82,United Kingdom
10491,2023-12-16 10:12:36.756756,KNITTED UNION FLAG HOT WATER BOTTLE,23,4.29,United Kingdom
10073,2023-12-16 18:57:17.837837,CREAM CUPID HEARTS COAT HANGER,48,8.04,United Kingdom
10454,2023-12-17 03:41:58.918918,CREAM CUPID HEARTS COAT HANGER,34,14.64,United Kingdom
10818,2023-12-17 12:26:40.000000,WHITE METAL LANTERN,35,8.16,United Kingdom
10953,2023-12-17 21:11:21.081081,WHITE HANGING HEART T-LIGHT HOLDER,17,5.92,United Kingdom
10154,2023-12-18 05:56:02.162162,KNITTED UNION FLAG HOT WATER BOTTLE,47,6.06,United Kingdom
10518,2023-12-18 14:40:43.243243,KNITTED UNION FLAG HOT WATER BOTTLE,10,14.52,Germany
10374,2023-12-18 23:25:24.324324,WHITE HANGING HEART T-LIGHT HOLDER,2,10.92,United Kingdom
10305,2023-12-19 08:10:05.405405,WHITE HANGING HEART T-LIGHT HOLDER,17,10.46,United Kingdom
10919,2023-12-19 16:54:46.486486,KNITTED UNION FLAG HOT WATER BOTTLE,31,3.86,United Kingdom
10342,2023-12-20 01:39:27.567567,KNITTED UNION FLAG HOT WATER BOTTLE,16,8.61,United Kingdom
10664,2023-12-20 10:24:08.648648,KNITTED UNION FLAG HOT WATER BOTTLE,24,5.67,France
10043,2023-12-20 19:08:49.729729,WHITE METAL LANTERN,7,3.98,United Kingdom
10547,2023-12-21 03:53:30.810810,CREAM CUPID HEARTS COAT HANGER,19,13.49,United Kingdom
10440,2023-12-21 12:38:11.891891,KNITTED UNION FLAG HOT WATER BOTTLE,16,6.06,United Kingdom
10096,2023-12-21 21:22:52.972972,CREAM CUPID HEARTS COAT HANGER,33,4.6,United Kingdom
10164,2023-12-22 06:07:34.054054,WHITE HANGING HEART T-LIGHT HOLDER,36,14.01,United Kingdom
10745,2023-12-22 14:52:15.135135,CREAM CUPID HEARTS COAT HANGER,45,3.36,United Kingdom
10102,2023-12-22 23:36:56.216216,CREAM CUPID HEARTS COAT HANGER,10,11.31,United Kingdom
10435,2023-12-23 08:21:37.297297,CREAM CUPID HEARTS COAT HANGER,43,9.96,United Kingdom
10380,2023-12-23 17:06:18.378378,WHITE HANGING HEART T-LIGHT HOLDER,15,13.85,United Kingdom
10446,2023-12-24 01:50:59.459459,CREAM CUPID HEARTS COAT HANGER,43,12.56,United Kingdom
10006,2023-12-24 10:35:40.540540,CREAM CUPID HEARTS COAT HANGER,3,10.73,United Kingdom
10093,2023-12-24 19:20:21.621621,WHITE METAL LANTERN,2,5.06,United Kingdom
10443,2023-12-25 04:05:02.702702,WHITE HANGING HEART T-LIGHT HOLDER,43,7.69,United Kingdom
10478,2023-12-25 12:49:43.783783,CREAM CUPID HEARTS COAT HANGER,42,14.2,Germany
10632,2023-12-25 21:34:24.864864,WHITE HANGING HEART T-LIGHT HOLDER,35,0.84,United Kingdom
10876,2023-12-26 06:19:05.945945,KNITTED UNION FLAG HOT WATER BOTTLE,27,12.02,United Kingdom
10493,2023-12-26 15:03:47.027027,CREAM CUPID HEARTS COAT HANGER,5,4.15,United Kingdom
10036,2023-12-26 23:48:28.108108,WHITE HANGING HEART T-LIGHT HOLDER,15,3.18,United Kingdom
10532,2023-12-27 08:33:09.189189,CREAM CUPID HEARTS COAT HANGER,36,3.87,United Kingdom
10097,2023-12-27 17:17:50.270270,CREAM CUPID HEARTS COAT HANGER,49,1.37,United Kingdom
10813,2023-12-28 02:02:31.351351,KNITTED UNION FLAG HOT WATER BOTTLE,33,14.88,United Kingdom
10020,2023-12-28 10:47:12.432432,WHITE METAL LANTERN,1,13.11,United Kingdom
10231,2023-12-28 19:31:53.513513,WHITE HANGING HEART T-LIGHT HOLDER,12,8.06,United Kingdom
10467,2023-12-29 04:16:34.594594,CREAM CUPID HEARTS COAT HANGER,42,10.87,United Kingdom
10353,2023-12-29 13:01:15.675675,KNITTED UNION FLAG HOT WATER BOTTLE,41,8.57,France
10071,2023-12-29 21:45:56.756756,KNITTED UNION FLAG HOT WATER BOTTLE,9,12.27,United Kingdom
10351,2023-12-30 06:30:37.837837,WHITE METAL LANTERN,20,12.75,United Kingdom
10051,2023-12-30 15:15:18.918918,WHITE METAL LANTERN,30,3.88,United Kingdom
10221,2023-12-31 00:00:00.000000,KNITTED UNION FLAG HOT WATER BOTTLE,14,7.17,United Kingdom
