CustomerID,Gender,Age,Annual Income (k$),Spending Score (1-100),Segment
1,Male,31,26,23,"Low-Income, Low-Spend"
2,Male,27,21,37,"Low-Income, Low-Spend"
3,Male,63,17,21,"Low-Income, Low-Spend"
4,Female,62,22,17,"Low-Income, Low-Spend"
5,Female,24,23,26,"Low-Income, Low-Spend"
6,Female,61,18,17,"Low-Income, Low-Spend"
7,Male,47,26,26,"Low-Income, Low-Spend"
8,Male,53,29,17,"Low-Income, Low-Spend"
9,Male,59,27,22,"Low-Income, Low-Spend"
10,Female,31,27,18,"Low-Income, Low-Spend"
11,Male,50,28,1,"Low-Income, Low-Spend"
12,Female,28,22,4,"Low-Income, Low-Spend"
13,Male,27,21,22,"Low-Income, Low-Spend"
14,Male,57,22,22,"Low-Income, Low-Spend"
15,Female,48,23,12,"Low-Income, Low-Spend"
16,Male,22,34,21,"Low-Income, Low-Spend"
17,Female,32,14,16,"Low-Income, Low-Spend"
18,Female,63,30,19,"Low-Income, Low-Spend"
19,Male,54,17,19,"Low-Income, Low-Spend"
20,Male,59,23,1,"Low-Income, Low-Spend"
21,Male,61,25,13,"Low-Income, Low-Spend"
22,Male,48,18,15,"Low-Income, Low-Spend"
23,Female,59,24,20,"Low-Income, Low-Spend"
24,Male,26,31,22,"Low-Income, Low-Spend"
25,Female,34,24,25,"Low-Income, Low-Spend"
26,Female,32,32,24,"Low-Income, Low-Spend"
27,Female,47,21,8,"Low-Income, Low-Spend"
28,Female,23,23,30,"Low-Income, Low-Spend"
29,Female,40,29,27,"Low-Income, Low-Spend"
30,Male,25,19,21,"Low-Income, Low-Spend"
31,Female,22,18,33,"Low-Income, Low-Spend"
32,Female,53,28,16,"Low-Income, Low-Spend"
33,Female,69,25,17,"Low-Income, Low-Spend"
34,Male,52,32,5,"Low-Income, Low-Spend"
35,Male,18,19,30,"Low-Income, Low-Spend"
36,Female,46,26,13,"Low-Income, Low-Spend"
37,Male,47,29,27,"Low-Income, Low-Spend"
38,Male,25,27,13,"Low-Income, Low-Spend"
39,Male,35,27,18,"Low-Income, Low-Spend"
40,Male,64,22,24,"Low-Income, Low-Spend"
41,Male,45,26,10,"Low-Income, Low-Spend"
42,Male,70,21,20,"Low-Income, Low-Spend"
43,Male,53,22,9,"Low-Income, Low-Spend"
44,Female,70,29,35,"Low-Income, Low-Spend"
45,Male,32,18,33,"Low-Income, Low-Spend"
46,Female,54,24,14,"Low-Income, Low-Spend"
47,Female,56,26,24,"Low-Income, Low-Spend"
48,Male,28,26,17,"Low-Income, Low-Spend"
49,Female,66,17,24,"Low-Income, Low-Spend"
50,Male,68,30,12,"Low-Income, Low-Spend"
51,Male,31,32,24,"Low-Income, Low-Spend"
52,Male,60,24,16,"Low-Income, Low-Spend"
53,Male,64,23,24,"Low-Income, Low-Spend"
54,Female,64,25,30,"Low-Income, Low-Spend"
55,Male,66,18,17,"Low-Income, Low-Spend"
56,Male,47,27,22,"Low-Income, Low-Spend"
57,Female,38,27,19,"Low-Income, Low-Spend"
58,Male,70,24,17,"Low-Income, Low-Spend"
59,Male,48,27,21,"Low-Income, Low-Spend"
60,Female,35,21,3,"Low-Income, Low-Spend"
61,Female,67,31,2,"Low-Income, Low-Spend"
62,Male,18,33,24,"Low-Income, Low-Spend"
63,Female,22,16,21,"Low-Income, Low-Spend"
64,Female,29,23,21,"Low-Income, Low-Spend"
65,Male,53,29,28,"Low-Income, Low-Spend"
66,Female,47,23,14,"Low-Income, Low-Spend"
67,Male,68,22,21,"Low-Income, Low-Spend"
68,Female,47,25,15,"Low-Income, Low-Spend"
69,Male,66,32,14,"Low-Income, Low-Spend"
70,Male,36,24,11,"Low-Income, Low-Spend"
71,Female,33,24,30,"Low-Income, Low-Spend"
72,Female,43,31,29,"Low-Income, Low-Spend"
73,Male,62,24,22,"Low-Income, Low-Spend"
74,Female,51,28,15,"Low-Income, Low-Spend"
75,Female,43,24,29,"Low-Income, Low-Spend"
76,Female,24,26,18,"Low-Income, Low-Spend"
77,Female,46,21,16,"Low-Income, Low-Spend"
78,Female,47,35,17,"Low-Income, Low-Spend"
79,Male,30,28,22,"Low-Income, Low-Spend"
80,Female,43,34,19,"Low-Income, Low-Spend"
81,Male,60,23,27,"Low-Income, Low-Spend"
82,Female,61,22,14,"Low-Income, Low-Spend"
83,Male,33,24,29,"Low-Income, Low-Spend"
84,Male,41,21,19,"Low-Income, Low-Spend"
85,Female,22,21,18,"Low-Income, Low-Spend"
86,Female,44,20,19,"Low-Income, Low-Spend"
87,Female,33,24,21,"Low-Income, Low-Spend"
88,Male,45,24,21,"Low-Income, Low-Spend"
89,Male,28,26,16,"Low-Income, Low-Spend"
90,Female,53,26,21,"Low-Income, Low-Spend"
91,Male,48,27,15,"Low-Income, Low-Spend"
92,Male,32,27,26,"Low-Income, Low-Spend"
93,Female,41,24,16,"Low-Income, Low-Spend"
94,Female,60,31,11,"Low-Income, Low-Spend"
95,Female,26,23,31,"Low-Income, Low-Spend"
96,Male,19,18,7,"Low-Income, Low-Spend"
97,Female,70,32,19,"Low-Income, Low-Spend"
98,Male,29,30,17,"Low-Income, Low-Spend"
99,Female,29,23,29,"Low-Income, Low-Spend"
100,Male,46,31,30,"Low-Income, Low-Spend"
101,Female,23,24,21,"Low-Income, Low-Spend"
102,Female,32,22,13,"Low-Income, Low-Spend"
103,Female,64,18,29,"Low-Income, Low-Spend"
104,Male,62,29,11,"Low-Income, Low-Spend"
105,Male,51,20,18,"Low-Income, Low-Spend"
106,Male,46,25,10,"Low-Income, Low-Spend"
107,Female,22,18,24,"Low-Income, Low-Spend"
108,Female,57,25,21,"Low-Income, Low-Spend"
109,Male,31,17,30,"Low-Income, Low-Spend"
110,Male,63,26,16,"Low-Income, Low-Spend"
111,Female,70,24,22,"Low-Income, Low-Spend"
112,Female,37,25,23,"Low-Income, Low-Spend"
113,Female,40,20,18,"Low-Income, Low-Spend"
114,Male,52,28,4,"Low-Income, Low-Spend"
115,Male,30,26,16,"Low-Income, Low-Spend"
116,Female,52,20,23,"Low-Income, Low-Spend"
117,Female,39,15,18,"Low-Income, Low-Spend"
118,Female,70,24,26,"Low-Income, Low-Spend"
119,Male,26,19,21,"Low-Income, Low-Spend"
120,Male,50,13,8,"Low-Income, Low-Spend"
121,Female,52,22,19,"Low-Income, Low-Spend"
122,Male,25,26,18,"Low-Income, Low-Spend"
123,Female,48,29,30,"Low-Income, Low-Spend"
124,Male,64,28,10,"Low-Income, Low-Spend"
125,Female,46,23,22,"Low-Income, Low-Spend"
126,Female,33,20,29,"Low-Income, Low-Spend"
127,Male,31,23,14,"Low-Income, Low-Spend"
128,Female,38,34,25,"Low-Income, Low-Spend"
129,Male,30,24,22,"Low-Income, Low-Spend"
130,Female,67,20,19,"Low-Income, Low-Spend"
131,Male,68,21,18,"Low-Income, Low-Spend"
132,Male,63,30,22,"Low-Income, Low-Spend"
133,Female,19,28,27,"Low-Income, Low-Spend"
134,Male,31,25,5,"Low-Income, Low-Spend"
135,Male,64,20,29,"Low-Income, Low-Spend"
136,Male,31,22,1,"Low-Income, Low-Spend"
137,Female,34,27,22,"Low-Income, Low-Spend"
138,Male,67,23,14,"Low-Income, Low-Spend"
139,Female,54,34,24,"Low-Income, Low-Spend"
140,Male,38,30,16,"Low-Income, Low-Spend"
141,Male,58,25,16,"Low-Income, Low-Spend"
142,Female,66,23,16,"Low-Income, Low-Spend"
143,Male,62,36,25,"Low-Income, Low-Spend"
144,Male,70,26,15,"Low-Income, Low-Spend"
145,Female,37,31,15,"Low-Income, Low-Spend"
146,Female,68,23,6,"Low-Income, Low-Spend"
147,Male,19,28,16,"Low-Income, Low-Spend"
148,Male,49,24,24,"Low-Income, Low-Spend"
149,Male,61,32,14,"Low-Income, Low-Spend"
150,Female,23,28,11,"Low-Income, Low-Spend"
151,Female,19,23,28,"Low-Income, Low-Spend"
152,Male,44,29,10,"Low-Income, Low-Spend"
153,Female,39,34,30,"Low-Income, Low-Spend"
154,Male,40,14,29,"Low-Income, Low-Spend"
155,Female,29,28,15,"Low-Income, Low-Spend"
156,Male,32,26,19,"Low-Income, Low-Spend"
157,Female,25,36,20,"Low-Income, Low-Spend"
158,Male,63,27,19,"Low-Income, Low-Spend"
159,Female,41,10,10,"Low-Income, Low-Spend"
160,Female,44,31,16,"Low-Income, Low-Spend"
161,Female,34,31,16,"Low-Income, Low-Spend"
162,Female,64,25,17,"Low-Income, Low-Spend"
163,Female,70,32,5,"Low-Income, Low-Spend"
164,Male,36,28,10,"Low-Income, Low-Spend"
165,Female,68,26,30,"Low-Income, Low-Spend"
166,Male,64,25,14,"Low-Income, Low-Spend"
167,Female,35,19,24,"Low-Income, Low-Spend"
168,Female,50,24,18,"Low-Income, Low-Spend"
169,Female,44,24,7,"Low-Income, Low-Spend"
170,Female,60,18,24,"Low-Income, Low-Spend"
171,Male,69,27,5,"Low-Income, Low-Spend"
172,Female,42,33,14,"Low-Income, Low-Spend"
173,Female,22,20,21,"Low-Income, Low-Spend"
174,Male,48,18,27,"Low-Income, Low-Spend"
175,Female,54,18,22,"Low-Income, Low-Spend"
176,Female,55,23,21,"Low-Income, Low-Spend"
177,Female,38,19,16,"Low-Income, Low-Spend"
178,Male,39,21,14,"Low-Income, Low-Spend"
179,Female,43,24,12,"Low-Income, Low-Spend"
180,Male,27,28,22,"Low-Income, Low-Spend"
181,Female,45,21,13,"Low-Income, Low-Spend"
182,Male,22,27,19,"Low-Income, Low-Spend"
183,Female,57,30,21,"Low-Income, Low-Spend"
184,Male,55,17,14,"Low-Income, Low-Spend"
185,Female,48,15,19,"Low-Income, Low-Spend"
186,Female,21,22,18,"Low-Income, Low-Spend"
187,Male,24,22,17,"Low-Income, Low-Spend"
188,Male,46,33,11,"Low-Income, Low-Spend"
189,Male,52,28,25,"Low-Income, Low-Spend"
190,Female,48,30,16,"Low-Income, Low-Spend"
191,Male,33,30,25,"Low-Income, Low-Spend"
192,Male,32,29,33,"Low-Income, Low-Spend"
193,Male,39,22,17,"Low-Income, Low-Spend"
194,Female,61,26,14,"Low-Income, Low-Spend"
195,Male,18,26,24,"Low-Income, Low-Spend"
196,Female,50,20,16,"Low-Income, Low-Spend"
197,Female,69,29,14,"Low-Income, Low-Spend"
198,Male,37,22,21,"Low-Income, Low-Spend"
199,Female,56,20,11,"Low-Income, Low-Spend"
200,Male,62,28,24,"Low-Income, Low-Spend"
201,Female,24,24,81,"Low-Income, High-Spend"
202,Male,22,15,80,"Low-Income, High-Spend"
203,Female,45,22,88,"Low-Income, High-Spend"
204,Male,33,19,82,"Low-Income, High-Spend"
205,Female,51,27,80,"Low-Income, High-Spend"
206,Male,53,29,76,"Low-Income, High-Spend"
207,Female,65,29,75,"Low-Income, High-Spend"
208,Male,47,18,71,"Low-Income, High-Spend"
209,Male,67,24,79,"Low-Income, High-Spend"
210,Male,49,24,77,"Low-Income, High-Spend"
211,Female,25,23,78,"Low-Income, High-Spend"
212,Male,18,30,89,"Low-Income, High-Spend"
213,Female,65,29,76,"Low-Income, High-Spend"
214,Female,64,30,79,"Low-Income, High-Spend"
215,Female,59,25,71,"Low-Income, High-Spend"
216,Female,24,21,77,"Low-Income, High-Spend"
217,Female,64,30,75,"Low-Income, High-Spend"
218,Male,25,24,76,"Low-Income, High-Spend"
219,Male,62,21,77,"Low-Income, High-Spend"
220,Male,45,25,81,"Low-Income, High-Spend"
221,Female,68,33,87,"Low-Income, High-Spend"
222,Male,20,29,81,"Low-Income, High-Spend"
223,Male,29,24,79,"Low-Income, High-Spend"
224,Male,62,25,85,"Low-Income, High-Spend"
225,Male,63,33,75,"Low-Income, High-Spend"
226,Female,18,24,79,"Low-Income, High-Spend"
227,Male,64,33,86,"Low-Income, High-Spend"
228,Female,18,16,89,"Low-Income, High-Spend"
229,Male,56,28,85,"Low-Income, High-Spend"
230,Male,49,25,62,"Low-Income, High-Spend"
231,Male,39,26,79,"Low-Income, High-Spend"
232,Female,48,22,77,"Low-Income, High-Spend"
233,Male,34,34,88,"Low-Income, High-Spend"
234,Male,59,27,90,"Low-Income, High-Spend"
235,Female,33,29,71,"Low-Income, High-Spend"
236,Male,58,27,67,"Low-Income, High-Spend"
237,Female,70,24,66,"Low-Income, High-Spend"
238,Male,46,23,83,"Low-Income, High-Spend"
239,Male,37,24,89,"Low-Income, High-Spend"
240,Male,51,16,76,"Low-Income, High-Spend"
241,Male,38,25,69,"Low-Income, High-Spend"
242,Female,20,20,77,"Low-Income, High-Spend"
243,Female,67,31,87,"Low-Income, High-Spend"
244,Female,47,26,72,"Low-Income, High-Spend"
245,Female,33,30,84,"Low-Income, High-Spend"
246,Male,66,21,79,"Low-Income, High-Spend"
247,Female,47,18,72,"Low-Income, High-Spend"
248,Female,34,27,82,"Low-Income, High-Spend"
249,Female,48,23,69,"Low-Income, High-Spend"
250,Male,43,20,89,"Low-Income, High-Spend"
251,Female,27,18,80,"Low-Income, High-Spend"
252,Male,70,15,82,"Low-Income, High-Spend"
253,Female,34,19,78,"Low-Income, High-Spend"
254,Male,35,26,78,"Low-Income, High-Spend"
255,Female,54,18,73,"Low-Income, High-Spend"
256,Male,21,29,84,"Low-Income, High-Spend"
257,Female,58,23,80,"Low-Income, High-Spend"
258,Male,53,27,83,"Low-Income, High-Spend"
259,Male,24,21,80,"Low-Income, High-Spend"
260,Female,21,19,72,"Low-Income, High-Spend"
261,Male,59,28,80,"Low-Income, High-Spend"
262,Female,59,28,60,"Low-Income, High-Spend"
263,Male,56,30,82,"Low-Income, High-Spend"
264,Male,42,21,76,"Low-Income, High-Spend"
265,Male,32,28,76,"Low-Income, High-Spend"
266,Female,24,27,79,"Low-Income, High-Spend"
267,Male,25,24,76,"Low-Income, High-Spend"
268,Female,38,21,69,"Low-Income, High-Spend"
269,Female,60,25,78,"Low-Income, High-Spend"
270,Female,49,29,78,"Low-Income, High-Spend"
271,Male,53,24,78,"Low-Income, High-Spend"
272,Female,70,19,71,"Low-Income, High-Spend"
273,Female,23,32,81,"Low-Income, High-Spend"
274,Female,24,27,71,"Low-Income, High-Spend"
275,Male,48,31,98,"Low-Income, High-Spend"
276,Male,40,22,76,"Low-Income, High-Spend"
277,Female,24,30,83,"Low-Income, High-Spend"
278,Male,60,17,77,"Low-Income, High-Spend"
279,Female,54,26,91,"Low-Income, High-Spend"
280,Female,35,22,67,"Low-Income, High-Spend"
281,Female,20,22,75,"Low-Income, High-Spend"
282,Female,58,26,69,"Low-Income, High-Spend"
283,Female,21,27,81,"Low-Income, High-Spend"
284,Male,30,21,82,"Low-Income, High-Spend"
285,Female,58,31,71,"Low-Income, High-Spend"
286,Female,34,23,88,"Low-Income, High-Spend"
287,Male,48,19,74,"Low-Income, High-Spend"
288,Male,49,28,81,"Low-Income, High-Spend"
289,Male,23,22,78,"Low-Income, High-Spend"
290,Male,58,23,85,"Low-Income, High-Spend"
291,Male,55,20,87,"Low-Income, High-Spend"
292,Female,45,22,73,"Low-Income, High-Spend"
293,Female,40,20,78,"Low-Income, High-Spend"
294,Male,57,28,74,"Low-Income, High-Spend"
295,Female,58,12,78,"Low-Income, High-Spend"
296,Female,28,23,68,"Low-Income, High-Spend"
297,Female,27,22,88,"Low-Income, High-Spend"
298,Male,64,18,79,"Low-Income, High-Spend"
299,Male,69,23,87,"Low-Income, High-Spend"
300,Female,47,24,78,"Low-Income, High-Spend"
301,Male,48,22,77,"Low-Income, High-Spend"
302,Female,26,19,68,"Low-Income, High-Spend"
303,Male,65,15,77,"Low-Income, High-Spend"
304,Male,56,26,89,"Low-Income, High-Spend"
305,Female,25,22,80,"Low-Income, High-Spend"
306,Female,56,27,91,"Low-Income, High-Spend"
307,Male,26,30,82,"Low-Income, High-Spend"
308,Male,25,24,81,"Low-Income, High-Spend"
309,Female,23,28,77,"Low-Income, High-Spend"
310,Male,60,15,78,"Low-Income, High-Spend"
311,Female,26,18,88,"Low-Income, High-Spend"
312,Male,20,27,71,"Low-Income, High-Spend"
313,Female,63,28,75,"Low-Income, High-Spend"
314,Female,41,28,68,"Low-Income, High-Spend"
315,Female,62,28,91,"Low-Income, High-Spend"
316,Female,29,19,81,"Low-Income, High-Spend"
317,Male,43,31,83,"Low-Income, High-Spend"
318,Female,53,19,77,"Low-Income, High-Spend"
319,Female,38,20,88,"Low-Income, High-Spend"
320,Male,51,32,87,"Low-Income, High-Spend"
321,Male,47,17,75,"Low-Income, High-Spend"
322,Female,52,20,76,"Low-Income, High-Spend"
323,Female,26,15,79,"Low-Income, High-Spend"
324,Male,48,20,91,"Low-Income, High-Spend"
325,Male,27,37,80,"Low-Income, High-Spend"
326,Male,29,28,74,"Low-Income, High-Spend"
327,Female,70,26,72,"Low-Income, High-Spend"
328,Female,38,33,73,"Low-Income, High-Spend"
329,Male,69,30,81,"Low-Income, High-Spend"
330,Male,66,19,79,"Low-Income, High-Spend"
331,Female,23,15,79,"Low-Income, High-Spend"
332,Female,53,28,76,"Low-Income, High-Spend"
333,Male,22,26,81,"Low-Income, High-Spend"
334,Male,29,22,69,"Low-Income, High-Spend"
335,Female,62,26,80,"Low-Income, High-Spend"
336,Male,70,32,84,"Low-Income, High-Spend"
337,Female,34,16,86,"Low-Income, High-Spend"
338,Male,59,20,83,"Low-Income, High-Spend"
339,Male,44,25,91,"Low-Income, High-Spend"
340,Female,24,24,82,"Low-Income, High-Spend"
341,Female,66,18,81,"Low-Income, High-Spend"
342,Male,19,27,80,"Low-Income, High-Spend"
343,Female,66,30,76,"Low-Income, High-Spend"
344,Male,32,22,81,"Low-Income, High-Spend"
345,Male,39,17,82,"Low-Income, High-Spend"
346,Female,64,26,76,"Low-Income, High-Spend"
347,Male,52,33,78,"Low-Income, High-Spend"
348,Female,32,25,85,"Low-Income, High-Spend"
349,Female,36,15,81,"Low-Income, High-Spend"
350,Female,47,20,81,"Low-Income, High-Spend"
351,Female,43,25,86,"Low-Income, High-Spend"
352,Female,38,25,80,"Low-Income, High-Spend"
353,Female,21,26,69,"Low-Income, High-Spend"
354,Male,44,33,85,"Low-Income, High-Spend"
355,Female,35,27,83,"Low-Income, High-Spend"
356,Male,21,23,80,"Low-Income, High-Spend"
357,Female,22,24,90,"Low-Income, High-Spend"
358,Female,33,33,84,"Low-Income, High-Spend"
359,Male,42,27,80,"Low-Income, High-Spend"
360,Female,64,24,76,"Low-Income, High-Spend"
361,Male,54,23,71,"Low-Income, High-Spend"
362,Male,60,22,80,"Low-Income, High-Spend"
363,Female,32,17,79,"Low-Income, High-Spend"
364,Male,50,27,72,"Low-Income, High-Spend"
365,Female,27,20,84,"Low-Income, High-Spend"
366,Female,23,19,87,"Low-Income, High-Spend"
367,Female,40,22,96,"Low-Income, High-Spend"
368,Male,53,19,80,"Low-Income, High-Spend"
369,Female,64,27,83,"Low-Income, High-Spend"
370,Male,46,25,71,"Low-Income, High-Spend"
371,Female,60,16,78,"Low-Income, High-Spend"
372,Male,36,20,71,"Low-Income, High-Spend"
373,Female,60,21,92,"Low-Income, High-Spend"
374,Female,26,24,87,"Low-Income, High-Spend"
375,Male,24,19,74,"Low-Income, High-Spend"
376,Male,45,27,86,"Low-Income, High-Spend"
377,Male,60,28,88,"Low-Income, High-Spend"
378,Female,57,26,78,"Low-Income, High-Spend"
379,Female,47,20,90,"Low-Income, High-Spend"
380,Male,60,19,73,"Low-Income, High-Spend"
381,Male,34,17,83,"Low-Income, High-Spend"
382,Female,64,23,86,"Low-Income, High-Spend"
383,Female,58,28,78,"Low-Income, High-Spend"
384,Female,20,28,81,"Low-Income, High-Spend"
385,Female,64,18,72,"Low-Income, High-Spend"
386,Male,32,22,73,"Low-Income, High-Spend"
387,Female,44,27,76,"Low-Income, High-Spend"
388,Female,18,15,68,"Low-Income, High-Spend"
389,Female,70,22,91,"Low-Income, High-Spend"
390,Female,49,31,84,"Low-Income, High-Spend"
391,Male,46,25,68,"Low-Income, High-Spend"
392,Male,26,21,85,"Low-Income, High-Spend"
393,Male,18,23,78,"Low-Income, High-Spend"
394,Male,33,17,73,"Low-Income, High-Spend"
395,Female,65,23,74,"Low-Income, High-Spend"
396,Female,24,23,78,"Low-Income, High-Spend"
397,Male,70,24,66,"Low-Income, High-Spend"
398,Female,63,21,81,"Low-Income, High-Spend"
399,Female,46,24,77,"Low-Income, High-Spend"
400,Male,54,33,77,"Low-Income, High-Spend"
401,Male,23,69,46,Standard Mid-Class
402,Female,39,56,37,Standard Mid-Class
403,Male,19,58,57,Standard Mid-Class
404,Male,28,50,42,Standard Mid-Class
405,Female,66,62,47,Standard Mid-Class
406,Male,43,62,49,Standard Mid-Class
407,Female,55,47,70,Standard Mid-Class
408,Male,41,67,36,Standard Mid-Class
409,Female,41,74,63,Standard Mid-Class
410,Female,54,46,49,Standard Mid-Class
411,Female,49,68,74,Standard Mid-Class
412,Female,37,65,30,Standard Mid-Class
413,Male,53,60,61,Standard Mid-Class
414,Male,43,73,44,Standard Mid-Class
415,Female,31,44,33,Standard Mid-Class
416,Male,64,61,52,Standard Mid-Class
417,Female,18,55,46,Standard Mid-Class
418,Female,28,68,58,Standard Mid-Class
419,Female,25,59,48,Standard Mid-Class
420,Male,62,49,53,Standard Mid-Class
421,Male,66,55,62,Standard Mid-Class
422,Male,19,52,30,Standard Mid-Class
423,Male,21,53,41,Standard Mid-Class
424,Male,50,64,38,Standard Mid-Class
425,Female,24,62,29,Standard Mid-Class
426,Female,57,67,46,Standard Mid-Class
427,Female,41,56,40,Standard Mid-Class
428,Male,46,74,62,Standard Mid-Class
429,Female,66,57,36,Standard Mid-Class
430,Male,40,65,50,Standard Mid-Class
431,Male,48,77,37,Standard Mid-Class
432,Female,66,75,39,Standard Mid-Class
433,Male,68,55,45,Standard Mid-Class
434,Male,24,44,62,Standard Mid-Class
435,Female,69,71,47,Standard Mid-Class
436,Female,58,61,43,Standard Mid-Class
437,Male,43,44,42,Standard Mid-Class
438,Female,62,60,63,Standard Mid-Class
439,Male,31,56,57,Standard Mid-Class
440,Female,63,66,45,Standard Mid-Class
441,Female,40,60,49,Standard Mid-Class
442,Male,59,53,61,Standard Mid-Class
443,Female,37,71,59,Standard Mid-Class
444,Female,62,50,58,Standard Mid-Class
445,Female,53,78,37,Standard Mid-Class
446,Female,36,45,69,Standard Mid-Class
447,Female,34,58,52,Standard Mid-Class
448,Female,59,62,49,Standard Mid-Class
449,Male,67,61,55,Standard Mid-Class
450,Male,59,61,67,Standard Mid-Class
451,Female,37,47,71,Standard Mid-Class
452,Male,62,43,67,Standard Mid-Class
453,Female,57,59,67,Standard Mid-Class
454,Male,66,53,49,Standard Mid-Class
455,Female,30,66,67,Standard Mid-Class
456,Female,51,51,48,Standard Mid-Class
457,Female,27,66,45,Standard Mid-Class
458,Male,20,46,45,Standard Mid-Class
459,Male,56,44,48,Standard Mid-Class
460,Female,51,52,61,Standard Mid-Class
461,Male,46,61,52,Standard Mid-Class
462,Female,34,59,41,Standard Mid-Class
463,Female,68,61,60,Standard Mid-Class
464,Female,26,54,46,Standard Mid-Class
465,Male,52,52,67,Standard Mid-Class
466,Male,69,59,38,Standard Mid-Class
467,Male,24,69,49,Standard Mid-Class
468,Male,54,50,48,Standard Mid-Class
469,Male,46,47,51,Standard Mid-Class
470,Female,55,56,28,Standard Mid-Class
471,Female,61,53,55,Standard Mid-Class
472,Female,38,85,51,Standard Mid-Class
473,Male,55,58,51,Standard Mid-Class
474,Male,33,59,42,Standard Mid-Class
475,Female,52,55,59,Standard Mid-Class
476,Female,50,66,63,Standard Mid-Class
477,Female,55,49,57,Standard Mid-Class
478,Male,44,49,63,Standard Mid-Class
479,Female,67,64,56,Standard Mid-Class
480,Male,67,63,57,Standard Mid-Class
481,Female,20,70,37,Standard Mid-Class
482,Female,25,71,61,Standard Mid-Class
483,Male,18,51,40,Standard Mid-Class
484,Female,66,73,57,Standard Mid-Class
485,Male,34,57,64,Standard Mid-Class
486,Male,50,60,67,Standard Mid-Class
487,Female,45,81,55,Standard Mid-Class
488,Male,36,72,26,Standard Mid-Class
489,Male,31,69,47,Standard Mid-Class
490,Female,28,66,51,Standard Mid-Class
491,Male,68,57,48,Standard Mid-Class
492,Female,34,44,42,Standard Mid-Class
493,Female,57,72,27,Standard Mid-Class
494,Female,60,68,50,Standard Mid-Class
495,Female,18,62,64,Standard Mid-Class
496,Female,60,65,47,Standard Mid-Class
497,Female,33,56,55,Standard Mid-Class
498,Male,62,55,53,Standard Mid-Class
499,Male,48,51,30,Standard Mid-Class
500,Female,53,60,50,Standard Mid-Class
501,Female,69,62,43,Standard Mid-Class
502,Male,68,48,62,Standard Mid-Class
503,Female,33,75,40,Standard Mid-Class
504,Female,58,66,43,Standard Mid-Class
505,Female,64,45,66,Standard Mid-Class
506,Female,46,40,52,Standard Mid-Class
507,Female,29,54,42,Standard Mid-Class
508,Female,59,48,45,Standard Mid-Class
509,Male,58,29,46,Standard Mid-Class
510,Female,56,49,41,Standard Mid-Class
511,Female,21,58,59,Standard Mid-Class
512,Female,38,58,44,Standard Mid-Class
513,Male,43,51,39,Standard Mid-Class
514,Female,34,62,34,Standard Mid-Class
515,Male,36,51,43,Standard Mid-Class
516,Female,39,65,41,Standard Mid-Class
517,Male,52,56,53,Standard Mid-Class
518,Female,36,58,47,Standard Mid-Class
519,Male,34,56,59,Standard Mid-Class
520,Female,52,64,62,Standard Mid-Class
521,Female,50,54,34,Standard Mid-Class
522,Female,40,76,44,Standard Mid-Class
523,Female,39,51,39,Standard Mid-Class
524,Male,59,67,45,Standard Mid-Class
525,Male,46,60,37,Standard Mid-Class
526,Female,38,69,50,Standard Mid-Class
527,Male,24,62,60,Standard Mid-Class
528,Male,27,68,51,Standard Mid-Class
529,Female,38,54,38,Standard Mid-Class
530,Female,69,56,45,Standard Mid-Class
531,Female,57,56,46,Standard Mid-Class
532,Female,18,65,65,Standard Mid-Class
533,Male,53,63,44,Standard Mid-Class
534,Female,51,49,57,Standard Mid-Class
535,Male,65,49,44,Standard Mid-Class
536,Male,23,61,48,Standard Mid-Class
537,Male,70,60,49,Standard Mid-Class
538,Female,30,69,50,Standard Mid-Class
539,Male,56,70,41,Standard Mid-Class
540,Male,46,68,41,Standard Mid-Class
541,Female,32,42,33,Standard Mid-Class
542,Female,46,62,29,Standard Mid-Class
543,Male,33,69,57,Standard Mid-Class
544,Female,70,64,35,Standard Mid-Class
545,Male,40,58,54,Standard Mid-Class
546,Male,18,49,66,Standard Mid-Class
547,Female,60,59,51,Standard Mid-Class
548,Female,40,67,35,Standard Mid-Class
549,Male,25,50,72,Standard Mid-Class
550,Female,70,60,66,Standard Mid-Class
551,Male,52,76,55,Standard Mid-Class
552,Female,66,41,60,Standard Mid-Class
553,Female,62,47,43,Standard Mid-Class
554,Female,21,63,54,Standard Mid-Class
555,Male,42,47,43,Standard Mid-Class
556,Female,19,70,26,Standard Mid-Class
557,Male,33,69,57,Standard Mid-Class
558,Female,30,65,50,Standard Mid-Class
559,Male,32,72,57,Standard Mid-Class
560,Female,50,56,50,Standard Mid-Class
561,Male,64,56,59,Standard Mid-Class
562,Female,66,46,42,Standard Mid-Class
563,Female,67,68,59,Standard Mid-Class
564,Male,38,82,53,Standard Mid-Class
565,Male,60,70,51,Standard Mid-Class
566,Male,27,50,53,Standard Mid-Class
567,Female,24,67,55,Standard Mid-Class
568,Female,43,73,64,Standard Mid-Class
569,Female,30,63,49,Standard Mid-Class
570,Female,65,49,46,Standard Mid-Class
571,Female,18,78,50,Standard Mid-Class
572,Male,55,62,56,Standard Mid-Class
573,Female,49,67,60,Standard Mid-Class
574,Female,19,54,39,Standard Mid-Class
575,Female,69,76,57,Standard Mid-Class
576,Female,34,57,35,Standard Mid-Class
577,Female,29,53,59,Standard Mid-Class
578,Female,55,57,51,Standard Mid-Class
579,Female,49,72,67,Standard Mid-Class
580,Female,57,59,49,Standard Mid-Class
581,Female,54,58,70,Standard Mid-Class
582,Female,47,41,62,Standard Mid-Class
583,Female,21,62,48,Standard Mid-Class
584,Male,54,72,60,Standard Mid-Class
585,Male,61,49,36,Standard Mid-Class
586,Male,54,60,43,Standard Mid-Class
587,Female,28,45,44,Standard Mid-Class
588,Female,26,71,46,Standard Mid-Class
589,Female,67,60,60,Standard Mid-Class
590,Male,70,66,63,Standard Mid-Class
591,Female,63,69,40,Standard Mid-Class
592,Male,31,46,52,Standard Mid-Class
593,Male,42,60,41,Standard Mid-Class
594,Male,22,65,69,Standard Mid-Class
595,Male,49,63,66,Standard Mid-Class
596,Female,19,55,56,Standard Mid-Class
597,Male,41,56,48,Standard Mid-Class
598,Female,48,51,45,Standard Mid-Class
599,Female,35,53,45,Standard Mid-Class
600,Female,40,65,55,Standard Mid-Class
601,Female,27,96,15,"High-Income, Low-Spend"
602,Female,21,111,1,"High-Income, Low-Spend"
603,Female,65,76,10,"High-Income, Low-Spend"
604,Female,59,90,7,"High-Income, Low-Spend"
605,Female,67,103,10,"High-Income, Low-Spend"
606,Male,34,92,9,"High-Income, Low-Spend"
607,Male,52,77,14,"High-Income, Low-Spend"
608,Male,59,87,12,"High-Income, Low-Spend"
609,Female,21,92,36,"High-Income, Low-Spend"
610,Female,42,89,7,"High-Income, Low-Spend"
611,Female,50,108,10,"High-Income, Low-Spend"
612,Female,60,88,16,"High-Income, Low-Spend"
613,Male,51,87,10,"High-Income, Low-Spend"
614,Male,21,107,3,"High-Income, Low-Spend"
615,Male,54,77,17,"High-Income, Low-Spend"
616,Female,28,86,24,"High-Income, Low-Spend"
617,Female,69,95,11,"High-Income, Low-Spend"
618,Female,32,72,23,"High-Income, Low-Spend"
619,Female,50,88,21,"High-Income, Low-Spend"
620,Male,48,78,15,"High-Income, Low-Spend"
621,Female,44,84,18,"High-Income, Low-Spend"
622,Male,46,94,20,"High-Income, Low-Spend"
623,Male,70,100,13,"High-Income, Low-Spend"
624,Female,66,96,26,"High-Income, Low-Spend"
625,Female,35,70,25,"High-Income, Low-Spend"
626,Male,40,96,14,"High-Income, Low-Spend"
627,Female,31,89,13,"High-Income, Low-Spend"
628,Female,63,97,13,"High-Income, Low-Spend"
629,Female,28,76,31,"High-Income, Low-Spend"
630,Female,34,86,25,"High-Income, Low-Spend"
631,Female,22,100,18,"High-Income, Low-Spend"
632,Female,56,80,16,"High-Income, Low-Spend"
633,Male,42,96,18,"High-Income, Low-Spend"
634,Male,33,93,33,"High-Income, Low-Spend"
635,Male,59,83,19,"High-Income, Low-Spend"
636,Male,53,90,24,"High-Income, Low-Spend"
637,Female,63,95,20,"High-Income, Low-Spend"
638,Female,26,85,22,"High-Income, Low-Spend"
639,Female,56,117,25,"High-Income, Low-Spend"
640,Female,53,93,17,"High-Income, Low-Spend"
641,Male,44,96,12,"High-Income, Low-Spend"
642,Male,64,85,17,"High-Income, Low-Spend"
643,Male,67,87,22,"High-Income, Low-Spend"
644,Male,53,97,30,"High-Income, Low-Spend"
645,Male,21,94,10,"High-Income, Low-Spend"
646,Female,68,99,18,"High-Income, Low-Spend"
647,Female,64,66,20,"High-Income, Low-Spend"
648,Male,48,99,10,"High-Income, Low-Spend"
649,Female,49,84,32,"High-Income, Low-Spend"
650,Female,18,61,27,"High-Income, Low-Spend"
651,Female,54,62,21,"High-Income, Low-Spend"
652,Male,29,95,13,"High-Income, Low-Spend"
653,Male,56,98,21,"High-Income, Low-Spend"
654,Male,30,116,10,"High-Income, Low-Spend"
655,Female,60,66,34,"High-Income, Low-Spend"
656,Male,64,100,25,"High-Income, Low-Spend"
657,Male,21,95,19,"High-Income, Low-Spend"
658,Female,50,83,17,"High-Income, Low-Spend"
659,Male,26,84,29,"High-Income, Low-Spend"
660,Male,64,88,18,"High-Income, Low-Spend"
661,Female,29,85,21,"High-Income, Low-Spend"
662,Female,67,78,10,"High-Income, Low-Spend"
663,Female,38,79,29,"High-Income, Low-Spend"
664,Female,41,101,19,"High-Income, Low-Spend"
665,Male,64,99,10,"High-Income, Low-Spend"
666,Male,53,79,15,"High-Income, Low-Spend"
667,Male,56,87,20,"High-Income, Low-Spend"
668,Female,19,88,15,"High-Income, Low-Spend"
669,Male,46,99,23,"High-Income, Low-Spend"
670,Female,22,100,8,"High-Income, Low-Spend"
671,Female,54,82,4,"High-Income, Low-Spend"
672,Female,52,110,3,"High-Income, Low-Spend"
673,Female,29,99,12,"High-Income, Low-Spend"
674,Female,51,112,20,"High-Income, Low-Spend"
675,Male,52,89,10,"High-Income, Low-Spend"
676,Male,35,88,19,"High-Income, Low-Spend"
677,Female,25,88,31,"High-Income, Low-Spend"
678,Male,23,93,20,"High-Income, Low-Spend"
679,Male,31,86,30,"High-Income, Low-Spend"
680,Female,63,97,1,"High-Income, Low-Spend"
681,Female,23,104,19,"High-Income, Low-Spend"
682,Male,55,89,19,"High-Income, Low-Spend"
683,Female,68,83,16,"High-Income, Low-Spend"
684,Male,69,98,14,"High-Income, Low-Spend"
685,Male,70,94,15,"High-Income, Low-Spend"
686,Female,63,91,26,"High-Income, Low-Spend"
687,Female,24,83,19,"High-Income, Low-Spend"
688,Female,38,101,12,"High-Income, Low-Spend"
689,Male,56,93,11,"High-Income, Low-Spend"
690,Female,54,71,31,"High-Income, Low-Spend"
691,Female,43,88,18,"High-Income, Low-Spend"
692,Female,40,72,13,"High-Income, Low-Spend"
693,Female,58,104,15,"High-Income, Low-Spend"
694,Female,36,91,14,"High-Income, Low-Spend"
695,Female,31,77,17,"High-Income, Low-Spend"
696,Female,19,85,26,"High-Income, Low-Spend"
697,Female,26,100,24,"High-Income, Low-Spend"
698,Male,55,66,20,"High-Income, Low-Spend"
699,Female,18,110,4,"High-Income, Low-Spend"
700,Male,32,71,18,"High-Income, Low-Spend"
701,Female,58,82,15,"High-Income, Low-Spend"
702,Male,35,97,19,"High-Income, Low-Spend"
703,Female,60,110,16,"High-Income, Low-Spend"
704,Female,57,80,9,"High-Income, Low-Spend"
705,Male,18,91,21,"High-Income, Low-Spend"
706,Male,69,81,25,"High-Income, Low-Spend"
707,Female,22,76,19,"High-Income, Low-Spend"
708,Male,61,102,21,"High-Income, Low-Spend"
709,Female,45,77,28,"High-Income, Low-Spend"
710,Male,42,107,19,"High-Income, Low-Spend"
711,Male,43,111,20,"High-Income, Low-Spend"
712,Female,26,93,10,"High-Income, Low-Spend"
713,Female,21,99,7,"High-Income, Low-Spend"
714,Male,62,84,21,"High-Income, Low-Spend"
715,Female,51,88,12,"High-Income, Low-Spend"
716,Female,18,98,16,"High-Income, Low-Spend"
717,Male,52,88,21,"High-Income, Low-Spend"
718,Female,33,84,10,"High-Income, Low-Spend"
719,Male,21,85,14,"High-Income, Low-Spend"
720,Female,49,88,23,"High-Income, Low-Spend"
721,Female,20,86,10,"High-Income, Low-Spend"
722,Male,18,103,19,"High-Income, Low-Spend"
723,Male,68,87,13,"High-Income, Low-Spend"
724,Female,54,96,11,"High-Income, Low-Spend"
725,Male,69,85,30,"High-Income, Low-Spend"
726,Female,36,83,14,"High-Income, Low-Spend"
727,Female,43,73,23,"High-Income, Low-Spend"
728,Female,34,91,9,"High-Income, Low-Spend"
729,Female,35,88,23,"High-Income, Low-Spend"
730,Male,54,88,24,"High-Income, Low-Spend"
731,Female,45,92,10,"High-Income, Low-Spend"
732,Female,24,76,19,"High-Income, Low-Spend"
733,Male,70,102,12,"High-Income, Low-Spend"
734,Female,61,107,11,"High-Income, Low-Spend"
735,Female,67,84,10,"High-Income, Low-Spend"
736,Female,31,89,16,"High-Income, Low-Spend"
737,Male,70,74,13,"High-Income, Low-Spend"
738,Female,22,99,23,"High-Income, Low-Spend"
739,Male,60,93,11,"High-Income, Low-Spend"
740,Female,32,93,12,"High-Income, Low-Spend"
741,Male,39,88,23,"High-Income, Low-Spend"
742,Female,47,115,16,"High-Income, Low-Spend"
743,Female,30,85,15,"High-Income, Low-Spend"
744,Male,19,85,11,"High-Income, Low-Spend"
745,Male,63,81,3,"High-Income, Low-Spend"
746,Female,37,78,28,"High-Income, Low-Spend"
747,Female,25,97,16,"High-Income, Low-Spend"
748,Male,34,89,36,"High-Income, Low-Spend"
749,Male,63,60,17,"High-Income, Low-Spend"
750,Female,54,102,9,"High-Income, Low-Spend"
751,Male,40,82,22,"High-Income, Low-Spend"
752,Female,35,76,13,"High-Income, Low-Spend"
753,Male,60,82,30,"High-Income, Low-Spend"
754,Male,54,85,1,"High-Income, Low-Spend"
755,Female,35,70,16,"High-Income, Low-Spend"
756,Female,25,95,23,"High-Income, Low-Spend"
757,Female,25,95,13,"High-Income, Low-Spend"
758,Female,65,86,25,"High-Income, Low-Spend"
759,Male,70,94,10,"High-Income, Low-Spend"
760,Female,28,100,4,"High-Income, Low-Spend"
761,Male,67,97,6,"High-Income, Low-Spend"
762,Male,62,96,19,"High-Income, Low-Spend"
763,Male,47,94,18,"High-Income, Low-Spend"
764,Female,29,97,16,"High-Income, Low-Spend"
765,Female,30,83,20,"High-Income, Low-Spend"
766,Male,67,76,14,"High-Income, Low-Spend"
767,Female,40,108,30,"High-Income, Low-Spend"
768,Female,53,91,8,"High-Income, Low-Spend"
769,Female,48,79,23,"High-Income, Low-Spend"
770,Female,69,76,23,"High-Income, Low-Spend"
771,Female,35,89,11,"High-Income, Low-Spend"
772,Female,34,92,20,"High-Income, Low-Spend"
773,Female,48,71,28,"High-Income, Low-Spend"
774,Male,47,102,9,"High-Income, Low-Spend"
775,Male,64,104,27,"High-Income, Low-Spend"
776,Male,27,76,1,"High-Income, Low-Spend"
777,Female,25,74,26,"High-Income, Low-Spend"
778,Male,40,79,3,"High-Income, Low-Spend"
779,Female,30,82,15,"High-Income, Low-Spend"
780,Male,46,82,20,"High-Income, Low-Spend"
781,Male,28,85,20,"High-Income, Low-Spend"
782,Male,65,89,24,"High-Income, Low-Spend"
783,Female,53,82,10,"High-Income, Low-Spend"
784,Female,38,95,10,"High-Income, Low-Spend"
785,Male,39,79,19,"High-Income, Low-Spend"
786,Female,31,88,10,"High-Income, Low-Spend"
787,Male,40,117,10,"High-Income, Low-Spend"
788,Male,47,109,4,"High-Income, Low-Spend"
789,Female,44,76,16,"High-Income, Low-Spend"
790,Female,64,92,28,"High-Income, Low-Spend"
791,Female,68,69,34,"High-Income, Low-Spend"
792,Female,20,105,7,"High-Income, Low-Spend"
793,Female,31,89,10,"High-Income, Low-Spend"
794,Female,57,109,13,"High-Income, Low-Spend"
795,Female,33,121,14,"High-Income, Low-Spend"
796,Female,21,109,6,"High-Income, Low-Spend"
797,Female,51,85,19,"High-Income, Low-Spend"
798,Female,68,98,11,"High-Income, Low-Spend"
799,Male,59,92,19,"High-Income, Low-Spend"
800,Female,50,70,20,"High-Income, Low-Spend"
801,Male,22,82,89,"High-Income, High-Spend"
802,Male,62,90,88,"High-Income, High-Spend"
803,Male,70,91,88,"High-Income, High-Spend"
804,Female,25,99,84,"High-Income, High-Spend"
805,Female,57,119,83,"High-Income, High-Spend"
806,Male,34,87,93,"High-Income, High-Spend"
807,Female,30,68,89,"High-Income, High-Spend"
808,Male,63,76,79,"High-Income, High-Spend"
809,Male,56,72,85,"High-Income, High-Spend"
810,Female,25,94,84,"High-Income, High-Spend"
811,Male,44,96,75,"High-Income, High-Spend"
812,Female,32,94,95,"High-Income, High-Spend"
813,Female,33,94,90,"High-Income, High-Spend"
814,Female,22,89,76,"High-Income, High-Spend"
815,Female,54,85,78,"High-Income, High-Spend"
816,Female,52,99,73,"High-Income, High-Spend"
817,Female,58,86,73,"High-Income, High-Spend"
818,Male,70,122,90,"High-Income, High-Spend"
819,Female,33,99,98,"High-Income, High-Spend"
820,Male,67,94,65,"High-Income, High-Spend"
821,Female,58,119,66,"High-Income, High-Spend"
822,Female,51,95,72,"High-Income, High-Spend"
823,Female,22,80,77,"High-Income, High-Spend"
824,Female,69,113,74,"High-Income, High-Spend"
825,Female,23,75,79,"High-Income, High-Spend"
826,Female,56,111,74,"High-Income, High-Spend"
827,Female,59,113,77,"High-Income, High-Spend"
828,Female,57,104,80,"High-Income, High-Spend"
829,Female,25,89,78,"High-Income, High-Spend"
830,Female,62,94,74,"High-Income, High-Spend"
831,Female,52,74,97,"High-Income, High-Spend"
832,Female,51,90,73,"High-Income, High-Spend"
833,Male,37,106,82,"High-Income, High-Spend"
834,Male,43,82,86,"High-Income, High-Spend"
835,Male,33,85,78,"High-Income, High-Spend"
836,Female,45,80,75,"High-Income, High-Spend"
837,Male,29,88,72,"High-Income, High-Spend"
838,Female,28,101,75,"High-Income, High-Spend"
839,Male,58,70,87,"High-Income, High-Spend"
840,Female,68,76,85,"High-Income, High-Spend"
841,Female,41,74,87,"High-Income, High-Spend"
842,Female,50,91,85,"High-Income, High-Spend"
843,Female,29,88,75,"High-Income, High-Spend"
844,Female,27,56,81,"High-Income, High-Spend"
845,Male,26,69,81,"High-Income, High-Spend"
846,Female,60,76,85,"High-Income, High-Spend"
847,Female,44,80,92,"High-Income, High-Spend"
848,Female,55,85,79,"High-Income, High-Spend"
849,Female,39,76,83,"High-Income, High-Spend"
850,Male,62,86,84,"High-Income, High-Spend"
851,Male,46,96,100,"High-Income, High-Spend"
852,Male,48,86,97,"High-Income, High-Spend"
853,Female,38,92,91,"High-Income, High-Spend"
854,Female,54,81,93,"High-Income, High-Spend"
855,Female,36,65,79,"High-Income, High-Spend"
856,Female,47,92,82,"High-Income, High-Spend"
857,Female,19,93,91,"High-Income, High-Spend"
858,Male,67,70,74,"High-Income, High-Spend"
859,Female,19,99,77,"High-Income, High-Spend"
860,Male,52,89,89,"High-Income, High-Spend"
861,Male,23,86,82,"High-Income, High-Spend"
862,Female,19,89,92,"High-Income, High-Spend"
863,Female,28,95,79,"High-Income, High-Spend"
864,Female,23,68,90,"High-Income, High-Spend"
865,Female,18,60,88,"High-Income, High-Spend"
866,Female,32,72,81,"High-Income, High-Spend"
867,Female,18,71,87,"High-Income, High-Spend"
868,Female,42,89,91,"High-Income, High-Spend"
869,Male,26,86,92,"High-Income, High-Spend"
870,Male,32,79,67,"High-Income, High-Spend"
871,Female,48,90,75,"High-Income, High-Spend"
872,Male,20,98,89,"High-Income, High-Spend"
873,Male,51,88,75,"High-Income, High-Spend"
874,Female,65,79,87,"High-Income, High-Spend"
875,Female,65,83,83,"High-Income, High-Spend"
876,Female,25,91,73,"High-Income, High-Spend"
877,Female,51,86,89,"High-Income, High-Spend"
878,Male,64,85,75,"High-Income, High-Spend"
879,Female,63,68,75,"High-Income, High-Spend"
880,Male,63,96,88,"High-Income, High-Spend"
881,Male,21,82,81,"High-Income, High-Spend"
882,Male,69,79,85,"High-Income, High-Spend"
883,Male,52,89,72,"High-Income, High-Spend"
884,Female,51,91,66,"High-Income, High-Spend"
885,Female,64,79,87,"High-Income, High-Spend"
886,Female,45,72,78,"High-Income, High-Spend"
887,Male,24,86,75,"High-Income, High-Spend"
888,Female,64,99,72,"High-Income, High-Spend"
889,Female,33,65,93,"High-Income, High-Spend"
890,Male,37,88,86,"High-Income, High-Spend"
891,Female,70,92,79,"High-Income, High-Spend"
892,Female,47,75,76,"High-Income, High-Spend"
893,Male,38,98,96,"High-Income, High-Spend"
894,Male,37,74,76,"High-Income, High-Spend"
895,Male,25,88,95,"High-Income, High-Spend"
896,Female,49,62,78,"High-Income, High-Spend"
897,Female,45,71,70,"High-Income, High-Spend"
898,Male,53,101,81,"High-Income, High-Spend"
899,Female,52,102,94,"High-Income, High-Spend"
900,Male,18,73,63,"High-Income, High-Spend"
901,Male,38,86,85,"High-Income, High-Spend"
902,Male,39,57,80,"High-Income, High-Spend"
903,Female,37,78,71,"High-Income, High-Spend"
904,Female,42,85,86,"High-Income, High-Spend"
905,Female,28,59,64,"High-Income, High-Spend"
906,Female,61,103,68,"High-Income, High-Spend"
907,Female,67,77,74,"High-Income, High-Spend"
908,Female,32,112,90,"High-Income, High-Spend"
909,Female,30,102,85,"High-Income, High-Spend"
910,Female,36,82,73,"High-Income, High-Spend"
911,Female,37,84,94,"High-Income, High-Spend"
912,Female,27,91,73,"High-Income, High-Spend"
913,Female,47,88,84,"High-Income, High-Spend"
914,Female,40,84,79,"High-Income, High-Spend"
915,Female,26,83,84,"High-Income, High-Spend"
916,Female,68,73,90,"High-Income, High-Spend"
917,Female,60,85,78,"High-Income, High-Spend"
918,Male,51,73,65,"High-Income, High-Spend"
919,Female,37,94,80,"High-Income, High-Spend"
920,Male,52,90,76,"High-Income, High-Spend"
921,Female,44,92,71,"High-Income, High-Spend"
922,Male,52,108,90,"High-Income, High-Spend"
923,Male,45,89,83,"High-Income, High-Spend"
924,Female,62,73,73,"High-Income, High-Spend"
925,Male,35,85,89,"High-Income, High-Spend"
926,Male,35,104,67,"High-Income, High-Spend"
927,Female,60,76,79,"High-Income, High-Spend"
928,Male,23,88,87,"High-Income, High-Spend"
929,Female,68,73,75,"High-Income, High-Spend"
930,Male,44,111,82,"High-Income, High-Spend"
931,Male,23,97,77,"High-Income, High-Spend"
932,Male,31,88,90,"High-Income, High-Spend"
933,Female,39,80,81,"High-Income, High-Spend"
934,Male,58,62,90,"High-Income, High-Spend"
935,Male,21,66,92,"High-Income, High-Spend"
936,Female,54,94,84,"High-Income, High-Spend"
937,Female,21,98,85,"High-Income, High-Spend"
938,Female,28,87,76,"High-Income, High-Spend"
939,Female,42,93,85,"High-Income, High-Spend"
940,Male,63,76,84,"High-Income, High-Spend"
941,Male,54,94,87,"High-Income, High-Spend"
942,Male,35,91,73,"High-Income, High-Spend"
943,Male,37,84,76,"High-Income, High-Spend"
944,Female,40,97,85,"High-Income, High-Spend"
945,Male,43,85,87,"High-Income, High-Spend"
946,Male,61,84,68,"High-Income, High-Spend"
947,Female,31,82,77,"High-Income, High-Spend"
948,Male,19,99,69,"High-Income, High-Spend"
949,Female,28,99,72,"High-Income, High-Spend"
950,Male,33,93,75,"High-Income, High-Spend"
951,Male,20,82,87,"High-Income, High-Spend"
952,Female,70,76,84,"High-Income, High-Spend"
953,Male,53,70,94,"High-Income, High-Spend"
954,Female,67,90,88,"High-Income, High-Spend"
955,Male,66,87,71,"High-Income, High-Spend"
956,Male,67,100,75,"High-Income, High-Spend"
957,Female,65,81,90,"High-Income, High-Spend"
958,Female,23,103,87,"High-Income, High-Spend"
959,Female,60,95,87,"High-Income, High-Spend"
960,Female,38,91,84,"High-Income, High-Spend"
961,Female,67,84,86,"High-Income, High-Spend"
962,Female,51,103,93,"High-Income, High-Spend"
963,Male,56,78,80,"High-Income, High-Spend"
964,Female,66,91,83,"High-Income, High-Spend"
965,Male,18,82,87,"High-Income, High-Spend"
966,Male,52,110,87,"High-Income, High-Spend"
967,Female,19,80,100,"High-Income, High-Spend"
968,Female,19,88,71,"High-Income, High-Spend"
969,Female,33,104,95,"High-Income, High-Spend"
970,Male,52,91,82,"High-Income, High-Spend"
971,Female,64,112,79,"High-Income, High-Spend"
972,Female,22,76,88,"High-Income, High-Spend"
973,Male,26,67,90,"High-Income, High-Spend"
974,Male,36,79,92,"High-Income, High-Spend"
975,Male,21,107,71,"High-Income, High-Spend"
976,Male,26,69,100,"High-Income, High-Spend"
977,Male,30,80,88,"High-Income, High-Spend"
978,Female,46,86,75,"High-Income, High-Spend"
979,Female,44,92,81,"High-Income, High-Spend"
980,Male,62,112,83,"High-Income, High-Spend"
981,Male,26,106,79,"High-Income, High-Spend"
982,Male,38,90,93,"High-Income, High-Spend"
983,Female,47,117,78,"High-Income, High-Spend"
984,Male,60,98,92,"High-Income, High-Spend"
985,Female,26,94,81,"High-Income, High-Spend"
986,Female,42,85,84,"High-Income, High-Spend"
987,Female,23,93,85,"High-Income, High-Spend"
988,Female,35,86,81,"High-Income, High-Spend"
989,Male,39,81,88,"High-Income, High-Spend"
990,Male,49,78,73,"High-Income, High-Spend"
991,Female,57,93,87,"High-Income, High-Spend"
992,Female,54,78,78,"High-Income, High-Spend"
993,Male,32,62,73,"High-Income, High-Spend"
994,Female,65,101,66,"High-Income, High-Spend"
995,Female,28,89,80,"High-Income, High-Spend"
996,Female,18,97,90,"High-Income, High-Spend"
997,Female,44,62,73,"High-Income, High-Spend"
998,Male,60,116,87,"High-Income, High-Spend"
999,Female,57,97,87,"High-Income, High-Spend"
1000,Male,53,58,72,"High-Income, High-Spend"
