show_id,type,title,release_year,rating,duration_min
s1,Movie,Netflix Title 1,2019,TV-PG,103
s2,TV Show,Netflix Title 2,2020,R,3
s3,TV Show,Netflix Title 3,2016,R,1
s4,TV Show,Netflix Title 4,2018,R,1
s5,Movie,Netflix Title 5,2012,PG-13,103
s6,Movie,Netflix Title 6,2022,TV-14,84
s7,TV Show,Netflix Title 7,2021,TV-MA,5
s8,Movie,Netflix Title 8,2019,TV-MA,134
s9,Movie,Netflix Title 9,2020,PG-13,107
s10,Movie,Netflix Title 10,2021,PG,151
s11,Movie,Netflix Title 11,2011,TV-14,116
s12,Movie,Netflix Title 12,2013,TV-MA,101
s13,Movie,Netflix Title 13,2020,PG,112
s14,Movie,Netflix Title 14,2019,TV-MA,67
s15,Movie,Netflix Title 15,2012,TV-14,110
s16,Movie,Netflix Title 16,2019,TV-14,103
s17,Movie,Netflix Title 17,2018,TV-14,123
s18,Movie,Netflix Title 18,2018,TV-MA,81
s19,Movie,Netflix Title 19,2023,TV-MA,98
s20,TV Show,Netflix Title 20,2016,R,1
s21,Movie,Netflix Title 21,2019,TV-PG,75
s22,Movie,Netflix Title 22,2012,TV-PG,76
s23,Movie,Netflix Title 23,2021,PG,92
s24,TV Show,Netflix Title 24,2016,TV-PG,1
s25,Movie,Netflix Title 25,2018,TV-MA,89
s26,Movie,Netflix Title 26,2020,PG,144
s27,Movie,Netflix Title 27,2013,TV-PG,118
s28,TV Show,Netflix Title 28,2020,TV-MA,2
s29,Movie,Netflix Title 29,2013,TV-14,118
s30,Movie,Netflix Title 30,2015,TV-PG,119
s31,Movie,Netflix Title 31,2018,TV-PG,87
s32,Movie,Netflix Title 32,2020,TV-MA,129
s33,Movie,Netflix Title 33,2022,TV-MA,108
s34,Movie,Netflix Title 34,2018,PG,109
s35,Movie,Netflix Title 35,2019,R,90
s36,Movie,Netflix Title 36,2013,TV-14,116
s37,Movie,Netflix Title 37,2021,TV-MA,105
s38,Movie,Netflix Title 38,2020,R,121
s39,Movie,Netflix Title 39,2020,PG-13,93
s40,Movie,Netflix Title 40,2020,TV-14,90
s41,Movie,Netflix Title 41,2012,TV-14,74
s42,TV Show,Netflix Title 42,2013,PG-13,1
s43,TV Show,Netflix Title 43,2019,TV-PG,1
s44,TV Show,Netflix Title 44,2020,PG,1
s45,Movie,Netflix Title 45,2016,TV-MA,89
s46,TV Show,Netflix Title 46,2015,TV-MA,3
s47,Movie,Netflix Title 47,2023,TV-MA,96
s48,Movie,Netflix Title 48,2018,PG,98
s49,Movie,Netflix Title 49,2019,TV-14,85
s50,Movie,Netflix Title 50,2020,TV-14,81
s51,Movie,Netflix Title 51,2018,TV-MA,86
s52,Movie,Netflix Title 52,2016,TV-MA,104
s53,Movie,Netflix Title 53,2015,TV-MA,127
s54,Movie,Netflix Title 54,2012,TV-MA,107
s55,TV Show,Netflix Title 55,2015,PG-13,4
s56,Movie,Netflix Title 56,2019,TV-MA,84
s57,Movie,Netflix Title 57,2018,TV-14,92
s58,Movie,Netflix Title 58,2019,TV-MA,105
s59,TV Show,Netflix Title 59,2021,R,4
s60,Movie,Netflix Title 60,2021,TV-PG,113
s61,Movie,Netflix Title 61,2016,TV-PG,95
s62,TV Show,Netflix Title 62,2019,TV-MA,3
s63,TV Show,Netflix Title 63,2018,PG-13,1
s64,TV Show,Netflix Title 64,2020,TV-MA,1
s65,Movie,Netflix Title 65,2019,TV-14,95
s66,Movie,Netflix Title 66,2015,TV-PG,129
s67,Movie,Netflix Title 67,2017,TV-PG,114
s68,Movie,Netflix Title 68,2020,TV-PG,105
s69,TV Show,Netflix Title 69,2011,PG,1
s70,TV Show,Netflix Title 70,2015,TV-14,2
s71,Movie,Netflix Title 71,2018,TV-PG,109
s72,Movie,Netflix Title 72,2020,TV-MA,99
s73,Movie,Netflix Title 73,2022,TV-MA,103
s74,Movie,Netflix Title 74,2022,TV-14,151
s75,Movie,Netflix Title 75,2019,TV-PG,123
s76,Movie,Netflix Title 76,2020,TV-MA,106
s77,Movie,Netflix Title 77,2020,PG,107
s78,Movie,Netflix Title 78,2020,TV-14,119
s79,Movie,Netflix Title 79,2020,PG-13,126
s80,TV Show,Netflix Title 80,2023,TV-14,2
s81,Movie,Netflix Title 81,2022,TV-14,119
s82,Movie,Netflix Title 82,2019,TV-PG,106
s83,TV Show,Netflix Title 83,2019,PG,1
s84,Movie,Netflix Title 84,2017,R,99
s85,Movie,Netflix Title 85,2019,R,120
s86,Movie,Netflix Title 86,2018,TV-MA,104
s87,Movie,Netflix Title 87,2017,PG-13,117
s88,Movie,Netflix Title 88,2019,PG,100
s89,Movie,Netflix Title 89,2019,TV-PG,81
s90,Movie,Netflix Title 90,2017,TV-MA,90
s91,Movie,Netflix Title 91,2018,TV-MA,103
s92,Movie,Netflix Title 92,2023,TV-PG,75
s93,Movie,Netflix Title 93,2017,TV-MA,123
s94,Movie,Netflix Title 94,2016,R,118
s95,Movie,Netflix Title 95,2020,TV-PG,144
s96,Movie,Netflix Title 96,2020,TV-MA,91
s97,TV Show,Netflix Title 97,2017,TV-MA,1
s98,Movie,Netflix Title 98,2017,TV-MA,99
s99,TV Show,Netflix Title 99,2011,PG-13,3
s100,TV Show,Netflix Title 100,2010,TV-14,1
s101,Movie,Netflix Title 101,2021,PG,111
s102,TV Show,Netflix Title 102,2018,TV-PG,1
s103,TV Show,Netflix Title 103,2017,,1
s104,Movie,Netflix Title 104,2022,TV-MA,101
s105,Movie,Netflix Title 105,2017,TV-14,78
s106,Movie,Netflix Title 106,2021,TV-PG,84
s107,Movie,Netflix Title 107,2019,TV-MA,123
s108,Movie,Netflix Title 108,2020,TV-PG,104
s109,Movie,Netflix Title 109,2012,TV-MA,118
s110,Movie,Netflix Title 110,2019,TV-PG,119
s111,Movie,Netflix Title 111,2017,TV-MA,109
s112,Movie,Netflix Title 112,2021,R,145
s113,TV Show,Netflix Title 113,2015,TV-14,3
s114,TV Show,Netflix Title 114,2019,PG,5
s115,TV Show,Netflix Title 115,2021,TV-MA,1
s116,TV Show,Netflix Title 116,2015,R,5
s117,Movie,Netflix Title 117,2012,TV-MA,105
s118,Movie,Netflix Title 118,2011,TV-14,123
s119,TV Show,Netflix Title 119,2018,TV-MA,3
s120,Movie,Netflix Title 120,2021,TV-MA,80
s121,Movie,Netflix Title 121,2022,TV-MA,94
s122,Movie,Netflix Title 122,2020,PG,121
s123,Movie,Netflix Title 123,2020,PG-13,107
s124,Movie,Netflix Title 124,2019,R,116
s125,Movie,Netflix Title 125,2020,TV-MA,90
s126,TV Show,Netflix Title 126,2022,TV-PG,1
s127,TV Show,Netflix Title 127,2015,TV-PG,1
s128,Movie,Netflix Title 128,2016,R,135
s129,Movie,Netflix Title 129,2012,TV-MA,104
s130,Movie,Netflix Title 130,2019,TV-14,81
s131,Movie,Netflix Title 131,2018,TV-PG,109
s132,Movie,Netflix Title 132,2017,TV-MA,130
s133,Movie,Netflix Title 133,2019,TV-PG,118
s134,TV Show,Netflix Title 134,2018,TV-MA,1
s135,Movie,Netflix Title 135,2018,TV-14,114
s136,TV Show,Netflix Title 136,2010,TV-MA,3
s137,Movie,Netflix Title 137,2014,TV-14,104
s138,Movie,Netflix Title 138,2019,TV-MA,90
s139,Movie,Netflix Title 139,2018,TV-MA,102
s140,TV Show,Netflix Title 140,2012,TV-MA,2
s141,TV Show,Netflix Title 141,2020,TV-MA,1
s142,Movie,Netflix Title 142,2019,R,101
s143,Movie,Netflix Title 143,2014,TV-MA,116
s144,Movie,Netflix Title 144,2017,TV-MA,111
s145,TV Show,Netflix Title 145,2020,PG-13,1
s146,Movie,Netflix Title 146,2019,PG-13,109
s147,TV Show,Netflix Title 147,2019,TV-PG,3
s148,TV Show,Netflix Title 148,2017,TV-14,3
s149,Movie,Netflix Title 149,2020,TV-PG,123
s150,Movie,Netflix Title 150,2016,TV-14,89
s151,TV Show,Netflix Title 151,2020,TV-MA,1
s152,Movie,Netflix Title 152,2016,TV-PG,107
s153,Movie,Netflix Title 153,2019,TV-MA,123
s154,Movie,Netflix Title 154,2017,PG,103
s155,Movie,Netflix Title 155,2018,TV-MA,101
s156,Movie,Netflix Title 156,2021,TV-14,97
s157,TV Show,Netflix Title 157,2020,R,1
s158,Movie,Netflix Title 158,2018,TV-MA,89
s159,TV Show,Netflix Title 159,2013,TV-MA,1
s160,Movie,Netflix Title 160,2019,TV-PG,103
s161,Movie,Netflix Title 161,2019,PG-13,114
s162,TV Show,Netflix Title 162,2022,TV-PG,2
s163,Movie,Netflix Title 163,2021,PG,94
s164,TV Show,Netflix Title 164,2016,TV-14,1
s165,TV Show,Netflix Title 165,2022,TV-PG,2
s166,Movie,Netflix Title 166,2011,TV-PG,118
s167,TV Show,Netflix Title 167,2019,TV-MA,1
s168,Movie,Netflix Title 168,2012,TV-MA,123
s169,Movie,Netflix Title 169,2021,TV-MA,74
s170,Movie,Netflix Title 170,2019,TV-PG,93
s171,TV Show,Netflix Title 171,2020,TV-MA,1
s172,Movie,Netflix Title 172,2017,PG-13,118
s173,Movie,Netflix Title 173,2021,TV-MA,118
s174,Movie,Netflix Title 174,2019,TV-14,89
s175,Movie,Netflix Title 175,2014,TV-MA,125
s176,Movie,Netflix Title 176,2018,TV-14,87
s177,Movie,Netflix Title 177,2021,TV-MA,134
s178,Movie,Netflix Title 178,2017,TV-14,107
s179,Movie,Netflix Title 179,2022,TV-MA,109
s180,Movie,Netflix Title 180,2023,TV-MA,112
s181,Movie,Netflix Title 181,2018,TV-MA,98
s182,Movie,Netflix Title 182,2022,TV-MA,81
s183,TV Show,Netflix Title 183,2019,PG-13,1
s184,Movie,Netflix Title 184,2017,TV-14,81
s185,TV Show,Netflix Title 185,2010,R,1
s186,Movie,Netflix Title 186,2019,TV-MA,102
s187,Movie,Netflix Title 187,2020,TV-14,65
s188,TV Show,Netflix Title 188,2018,TV-PG,1
s189,Movie,Netflix Title 189,2017,TV-MA,86
s190,Movie,Netflix Title 190,2017,,132
s191,Movie,Netflix Title 191,2018,R,105
s192,Movie,Netflix Title 192,2017,PG-13,86
s193,Movie,Netflix Title 193,2020,R,47
s194,Movie,Netflix Title 194,2020,PG,151
s195,Movie,Netflix Title 195,2020,TV-MA,120
s196,TV Show,Netflix Title 196,2011,TV-MA,1
s197,TV Show,Netflix Title 197,2021,TV-14,2
s198,Movie,Netflix Title 198,2018,TV-14,93
s199,Movie,Netflix Title 199,2022,TV-PG,130
s200,Movie,Netflix Title 200,2021,TV-MA,138
s201,Movie,Netflix Title 201,2012,R,120
s202,Movie,Netflix Title 202,2021,R,133
s203,Movie,Netflix Title 203,2022,TV-PG,106
s204,TV Show,Netflix Title 204,2018,TV-14,1
s205,Movie,Netflix Title 205,2019,TV-MA,96
s206,Movie,Netflix Title 206,2018,TV-14,45
s207,Movie,Netflix Title 207,2014,TV-14,109
s208,Movie,Netflix Title 208,2019,TV-MA,139
s209,TV Show,Netflix Title 209,2017,TV-MA,2
s210,TV Show,Netflix Title 210,2019,TV-MA,5
s211,Movie,Netflix Title 211,2017,TV-MA,65
s212,Movie,Netflix Title 212,2020,TV-PG,63
s213,Movie,Netflix Title 213,2018,TV-MA,84
s214,Movie,Netflix Title 214,2011,TV-14,102
s215,Movie,Netflix Title 215,2022,TV-MA,62
s216,TV Show,Netflix Title 216,2014,TV-14,2
s217,TV Show,Netflix Title 217,2018,TV-14,1
s218,Movie,Netflix Title 218,2014,TV-MA,93
s219,TV Show,Netflix Title 219,2022,TV-MA,2
s220,TV Show,Netflix Title 220,2022,TV-14,1
s221,Movie,Netflix Title 221,2016,TV-PG,77
s222,TV Show,Netflix Title 222,2017,TV-14,1
s223,Movie,Netflix Title 223,2016,TV-14,106
s224,Movie,Netflix Title 224,2016,TV-MA,102
s225,TV Show,Netflix Title 225,2021,TV-14,1
s226,Movie,Netflix Title 226,2019,TV-14,111
s227,Movie,Netflix Title 227,2019,TV-MA,99
s228,Movie,Netflix Title 228,2020,TV-14,133
s229,Movie,Netflix Title 229,2019,TV-MA,109
s230,Movie,Netflix Title 230,2019,TV-MA,133
s231,Movie,Netflix Title 231,2017,TV-MA,65
s232,TV Show,Netflix Title 232,2013,PG,3
s233,Movie,Netflix Title 233,2021,TV-MA,142
s234,Movie,Netflix Title 234,2010,R,106
s235,TV Show,Netflix Title 235,2021,TV-MA,1
s236,Movie,Netflix Title 236,2011,PG-13,113
s237,TV Show,Netflix Title 237,2021,PG,1
s238,Movie,Netflix Title 238,2017,TV-MA,92
s239,TV Show,Netflix Title 239,2018,R,1
s240,Movie,Netflix Title 240,2022,TV-14,147
s241,Movie,Netflix Title 241,2014,TV-MA,112
s242,TV Show,Netflix Title 242,2012,TV-PG,1
s243,TV Show,Netflix Title 243,2020,R,2
s244,Movie,Netflix Title 244,2014,TV-MA,116
s245,Movie,Netflix Title 245,2022,TV-14,100
s246,Movie,Netflix Title 246,2013,TV-14,103
s247,TV Show,Netflix Title 247,2019,R,1
s248,Movie,Netflix Title 248,2012,PG-13,102
s249,Movie,Netflix Title 249,2021,TV-14,67
s250,Movie,Netflix Title 250,2018,TV-14,93
s251,Movie,Netflix Title 251,2010,TV-MA,97
s252,Movie,Netflix Title 252,2020,PG-13,110
s253,TV Show,Netflix Title 253,2021,R,2
s254,Movie,Netflix Title 254,2011,TV-MA,93
s255,Movie,Netflix Title 255,2016,TV-PG,94
s256,TV Show,Netflix Title 256,2015,R,1
s257,TV Show,Netflix Title 257,2017,TV-MA,1
s258,Movie,Netflix Title 258,2020,TV-14,80
s259,Movie,Netflix Title 259,2015,TV-PG,106
s260,Movie,Netflix Title 260,2021,TV-14,118
s261,Movie,Netflix Title 261,2010,TV-14,103
s262,Movie,Netflix Title 262,2021,TV-14,87
s263,TV Show,Netflix Title 263,2010,TV-MA,1
s264,Movie,Netflix Title 264,2019,TV-MA,63
s265,TV Show,Netflix Title 265,2021,,1
s266,Movie,Netflix Title 266,2016,TV-14,91
s267,Movie,Netflix Title 267,2020,TV-14,91
s268,Movie,Netflix Title 268,2019,TV-14,99
s269,Movie,Netflix Title 269,2020,R,97
s270,Movie,Netflix Title 270,2016,TV-PG,112
s271,TV Show,Netflix Title 271,2020,TV-MA,1
s272,Movie,Netflix Title 272,2022,TV-MA,106
s273,Movie,Netflix Title 273,2019,,105
s274,Movie,Netflix Title 274,2014,TV-PG,100
s275,TV Show,Netflix Title 275,2018,PG-13,1
s276,Movie,Netflix Title 276,2020,TV-MA,130
s277,Movie,Netflix Title 277,2017,PG,116
s278,Movie,Netflix Title 278,2012,TV-PG,80
s279,TV Show,Netflix Title 279,2022,TV-14,1
s280,Movie,Netflix Title 280,2020,,146
s281,Movie,Netflix Title 281,2014,PG-13,94
s282,Movie,Netflix Title 282,2023,TV-MA,159
s283,Movie,Netflix Title 283,2021,TV-MA,100
s284,TV Show,Netflix Title 284,2010,PG,5
s285,Movie,Netflix Title 285,2018,TV-PG,120
s286,Movie,Netflix Title 286,2018,PG,113
s287,TV Show,Netflix Title 287,2020,TV-MA,2
s288,Movie,Netflix Title 288,2022,TV-14,86
s289,Movie,Netflix Title 289,2019,PG,98
s290,TV Show,Netflix Title 290,2020,TV-MA,3
s291,Movie,Netflix Title 291,2017,TV-14,104
s292,Movie,Netflix Title 292,2019,TV-MA,64
s293,Movie,Netflix Title 293,2019,TV-MA,105
s294,Movie,Netflix Title 294,2018,TV-14,122
s295,TV Show,Netflix Title 295,2018,TV-MA,1
s296,Movie,Netflix Title 296,2016,TV-MA,70
s297,TV Show,Netflix Title 297,2012,TV-PG,3
s298,Movie,Netflix Title 298,2019,R,97
s299,Movie,Netflix Title 299,2018,TV-PG,99
s300,TV Show,Netflix Title 300,2020,TV-PG,1
s301,Movie,Netflix Title 301,2023,TV-14,84
s302,Movie,Netflix Title 302,2018,PG-13,92
s303,TV Show,Netflix Title 303,2017,TV-14,1
s304,Movie,Netflix Title 304,2022,TV-MA,83
s305,TV Show,Netflix Title 305,2021,R,3
s306,Movie,Netflix Title 306,2019,TV-PG,117
s307,TV Show,Netflix Title 307,2020,,1
s308,Movie,Netflix Title 308,2016,TV-MA,137
s309,Movie,Netflix Title 309,2011,TV-MA,125
s310,Movie,Netflix Title 310,2021,R,137
s311,Movie,Netflix Title 311,2019,TV-MA,104
s312,TV Show,Netflix Title 312,2011,TV-MA,4
s313,TV Show,Netflix Title 313,2019,TV-MA,3
s314,Movie,Netflix Title 314,2015,R,110
s315,Movie,Netflix Title 315,2020,TV-MA,99
s316,TV Show,Netflix Title 316,2019,TV-PG,1
s317,TV Show,Netflix Title 317,2021,TV-MA,3
s318,Movie,Netflix Title 318,2019,TV-MA,102
s319,Movie,Netflix Title 319,2011,R,133
s320,TV Show,Netflix Title 320,2016,TV-MA,4
s321,Movie,Netflix Title 321,2022,TV-MA,87
s322,TV Show,Netflix Title 322,2015,TV-14,2
s323,Movie,Netflix Title 323,2021,TV-MA,131
s324,Movie,Netflix Title 324,2011,TV-MA,71
s325,TV Show,Netflix Title 325,2017,TV-MA,1
s326,Movie,Netflix Title 326,2010,TV-14,78
s327,TV Show,Netflix Title 327,2021,PG,1
s328,TV Show,Netflix Title 328,2014,TV-14,5
s329,Movie,Netflix Title 329,2019,TV-PG,123
s330,TV Show,Netflix Title 330,2013,TV-MA,1
s331,Movie,Netflix Title 331,2018,TV-14,108
s332,Movie,Netflix Title 332,2022,TV-MA,111
s333,Movie,Netflix Title 333,2019,TV-MA,116
s334,TV Show,Netflix Title 334,2014,TV-14,1
s335,Movie,Netflix Title 335,2022,TV-PG,78
s336,Movie,Netflix Title 336,2012,TV-MA,98
s337,Movie,Netflix Title 337,2022,TV-14,105
s338,Movie,Netflix Title 338,2018,R,114
s339,TV Show,Netflix Title 339,2018,TV-MA,3
s340,Movie,Netflix Title 340,2020,TV-14,60
s341,Movie,Netflix Title 341,2019,TV-MA,122
s342,Movie,Netflix Title 342,2021,TV-PG,89
s343,Movie,Netflix Title 343,2016,TV-14,138
s344,Movie,Netflix Title 344,2013,TV-PG,117
s345,TV Show,Netflix Title 345,2019,TV-MA,1
s346,Movie,Netflix Title 346,2018,PG,124
s347,Movie,Netflix Title 347,2019,PG-13,100
s348,Movie,Netflix Title 348,2021,TV-MA,92
s349,Movie,Netflix Title 349,2019,PG-13,76
s350,Movie,Netflix Title 350,2020,TV-14,96
s351,TV Show,Netflix Title 351,2012,PG-13,1
s352,TV Show,Netflix Title 352,2021,TV-14,1
s353,TV Show,Netflix Title 353,2016,TV-14,1
s354,Movie,Netflix Title 354,2016,TV-MA,125
s355,TV Show,Netflix Title 355,2019,PG-13,1
s356,TV Show,Netflix Title 356,2018,R,2
s357,Movie,Netflix Title 357,2014,TV-MA,80
s358,TV Show,Netflix Title 358,2010,TV-MA,5
s359,Movie,Netflix Title 359,2019,TV-PG,97
s360,Movie,Netflix Title 360,2020,TV-MA,98
s361,Movie,Netflix Title 361,2019,TV-MA,98
s362,Movie,Netflix Title 362,2022,TV-14,71
s363,TV Show,Netflix Title 363,2023,PG-13,2
s364,Movie,Netflix Title 364,2018,TV-MA,95
s365,Movie,Netflix Title 365,2017,TV-MA,136
s366,TV Show,Netflix Title 366,2020,TV-MA,1
s367,TV Show,Netflix Title 367,2011,TV-MA,1
s368,Movie,Netflix Title 368,2021,PG-13,91
s369,Movie,Netflix Title 369,2017,TV-PG,77
s370,Movie,Netflix Title 370,2020,TV-MA,100
s371,Movie,Netflix Title 371,2020,TV-MA,107
s372,TV Show,Netflix Title 372,2018,TV-PG,1
s373,Movie,Netflix Title 373,2014,TV-14,141
s374,Movie,Netflix Title 374,2015,TV-14,80
s375,Movie,Netflix Title 375,2019,PG,66
s376,Movie,Netflix Title 376,2019,R,100
s377,Movie,Netflix Title 377,2018,TV-MA,135
s378,Movie,Netflix Title 378,2014,TV-PG,99
s379,Movie,Netflix Title 379,2019,TV-MA,121
s380,TV Show,Netflix Title 380,2018,TV-MA,2
s381,Movie,Netflix Title 381,2012,TV-MA,133
s382,Movie,Netflix Title 382,2016,TV-MA,97
s383,TV Show,Netflix Title 383,2021,TV-MA,1
s384,Movie,Netflix Title 384,2014,TV-MA,120
s385,Movie,Netflix Title 385,2017,TV-MA,133
s386,TV Show,Netflix Title 386,2021,TV-MA,4
s387,TV Show,Netflix Title 387,2017,PG-13,1
s388,Movie,Netflix Title 388,2020,TV-PG,91
s389,Movie,Netflix Title 389,2010,TV-14,71
s390,Movie,Netflix Title 390,2014,TV-MA,92
s391,Movie,Netflix Title 391,2019,TV-MA,120
s392,TV Show,Netflix Title 392,2013,TV-MA,3
s393,Movie,Netflix Title 393,2019,TV-MA,80
s394,Movie,Netflix Title 394,2020,TV-PG,142
s395,Movie,Netflix Title 395,2019,TV-MA,121
s396,Movie,Netflix Title 396,2014,TV-MA,75
s397,TV Show,Netflix Title 397,2019,TV-MA,1
s398,Movie,Netflix Title 398,2022,TV-PG,100
s399,TV Show,Netflix Title 399,2021,TV-MA,1
s400,TV Show,Netflix Title 400,2021,TV-PG,3
s401,Movie,Netflix Title 401,2019,,142
s402,Movie,Netflix Title 402,2020,TV-14,148
s403,Movie,Netflix Title 403,2020,TV-MA,77
s404,Movie,Netflix Title 404,2019,TV-PG,109
s405,Movie,Netflix Title 405,2016,TV-14,118
s406,Movie,Netflix Title 406,2017,R,108
s407,TV Show,Netflix Title 407,2019,PG-13,3
s408,Movie,Netflix Title 408,2022,PG,42
s409,Movie,Netflix Title 409,2017,,44
s410,Movie,Netflix Title 410,2022,TV-PG,125
s411,Movie,Netflix Title 411,2020,TV-14,115
s412,Movie,Netflix Title 412,2019,TV-MA,93
s413,Movie,Netflix Title 413,2019,TV-14,104
s414,Movie,Netflix Title 414,2020,TV-PG,82
s415,Movie,Netflix Title 415,2018,TV-MA,101
s416,Movie,Netflix Title 416,2019,TV-MA,101
s417,Movie,Netflix Title 417,2021,TV-14,108
s418,TV Show,Netflix Title 418,2019,TV-14,2
s419,Movie,Netflix Title 419,2010,TV-14,119
s420,Movie,Netflix Title 420,2013,TV-MA,90
s421,TV Show,Netflix Title 421,2012,TV-MA,1
s422,TV Show,Netflix Title 422,2021,TV-14,1
s423,TV Show,Netflix Title 423,2017,TV-PG,2
s424,Movie,Netflix Title 424,2018,TV-MA,57
s425,Movie,Netflix Title 425,2014,TV-PG,115
s426,Movie,Netflix Title 426,2019,TV-MA,129
s427,TV Show,Netflix Title 427,2022,TV-14,2
s428,TV Show,Netflix Title 428,2014,TV-MA,2
s429,Movie,Netflix Title 429,2014,TV-PG,122
s430,Movie,Netflix Title 430,2014,TV-MA,125
s431,Movie,Netflix Title 431,2011,TV-PG,100
s432,Movie,Netflix Title 432,2022,PG,103
s433,Movie,Netflix Title 433,2017,TV-MA,94
s434,Movie,Netflix Title 434,2021,TV-MA,86
s435,TV Show,Netflix Title 435,2020,R,1
s436,Movie,Netflix Title 436,2020,TV-14,126
s437,Movie,Netflix Title 437,2023,TV-14,119
s438,TV Show,Netflix Title 438,2020,TV-PG,4
s439,TV Show,Netflix Title 439,2011,TV-MA,1
s440,Movie,Netflix Title 440,2010,TV-MA,94
s441,Movie,Netflix Title 441,2013,TV-PG,78
s442,Movie,Netflix Title 442,2018,PG-13,121
s443,Movie,Netflix Title 443,2023,TV-PG,106
s444,TV Show,Netflix Title 444,2019,TV-14,1
s445,Movie,Netflix Title 445,2019,TV-MA,101
s446,TV Show,Netflix Title 446,2021,R,1
s447,Movie,Netflix Title 447,2022,TV-14,125
s448,Movie,Netflix Title 448,2023,TV-MA,149
s449,Movie,Netflix Title 449,2021,PG-13,105
s450,Movie,Netflix Title 450,2023,TV-14,116
s451,Movie,Netflix Title 451,2018,TV-PG,102
s452,TV Show,Netflix Title 452,2019,TV-PG,2
s453,Movie,Netflix Title 453,2019,TV-14,86
s454,TV Show,Netflix Title 454,2018,TV-PG,5
s455,Movie,Netflix Title 455,2020,TV-PG,96
s456,Movie,Netflix Title 456,2017,TV-MA,100
s457,Movie,Netflix Title 457,2012,TV-PG,109
s458,Movie,Netflix Title 458,2019,TV-MA,129
s459,TV Show,Netflix Title 459,2021,PG,1
s460,Movie,Netflix Title 460,2018,TV-14,75
s461,Movie,Netflix Title 461,2015,TV-MA,129
s462,Movie,Netflix Title 462,2020,TV-MA,91
s463,Movie,Netflix Title 463,2018,TV-MA,109
s464,Movie,Netflix Title 464,2023,TV-PG,140
s465,Movie,Netflix Title 465,2017,PG-13,155
s466,Movie,Netflix Title 466,2021,TV-MA,114
s467,Movie,Netflix Title 467,2015,TV-MA,96
s468,Movie,Netflix Title 468,2011,TV-PG,104
s469,Movie,Netflix Title 469,2017,TV-MA,111
s470,Movie,Netflix Title 470,2021,TV-MA,95
s471,Movie,Netflix Title 471,2023,TV-14,110
s472,Movie,Netflix Title 472,2019,TV-14,94
s473,Movie,Netflix Title 473,2012,TV-MA,113
s474,TV Show,Netflix Title 474,2021,TV-14,1
s475,Movie,Netflix Title 475,2021,TV-PG,118
s476,Movie,Netflix Title 476,2020,TV-MA,95
s477,Movie,Netflix Title 477,2021,TV-PG,73
s478,Movie,Netflix Title 478,2021,TV-MA,114
s479,Movie,Netflix Title 479,2021,TV-MA,120
s480,Movie,Netflix Title 480,2020,TV-MA,115
s481,TV Show,Netflix Title 481,2021,TV-14,1
s482,Movie,Netflix Title 482,2022,TV-MA,83
s483,TV Show,Netflix Title 483,2020,TV-14,2
s484,Movie,Netflix Title 484,2016,PG-13,111
s485,Movie,Netflix Title 485,2023,PG,129
s486,TV Show,Netflix Title 486,2023,TV-MA,2
s487,Movie,Netflix Title 487,2020,TV-PG,58
s488,Movie,Netflix Title 488,2019,TV-MA,85
s489,Movie,Netflix Title 489,2023,PG-13,108
s490,Movie,Netflix Title 490,2022,TV-MA,127
s491,TV Show,Netflix Title 491,2019,TV-MA,1
s492,TV Show,Netflix Title 492,2019,TV-MA,3
s493,Movie,Netflix Title 493,2018,TV-MA,112
s494,Movie,Netflix Title 494,2020,TV-MA,111
s495,Movie,Netflix Title 495,2020,TV-MA,122
s496,Movie,Netflix Title 496,2019,PG-13,125
s497,Movie,Netflix Title 497,2016,TV-MA,98
s498,Movie,Netflix Title 498,2018,PG-13,107
s499,Movie,Netflix Title 499,2020,TV-MA,105
s500,TV Show,Netflix Title 500,2022,,1
s501,Movie,Netflix Title 501,2015,TV-MA,109
s502,TV Show,Netflix Title 502,2021,TV-MA,2
s503,TV Show,Netflix Title 503,2019,PG-13,1
s504,TV Show,Netflix Title 504,2019,TV-MA,1
s505,Movie,Netflix Title 505,2020,TV-MA,131
s506,TV Show,Netflix Title 506,2021,TV-14,1
s507,Movie,Netflix Title 507,2016,TV-MA,99
s508,TV Show,Netflix Title 508,2016,PG,1
s509,Movie,Netflix Title 509,2016,TV-MA,126
s510,TV Show,Netflix Title 510,2015,TV-14,1
s511,Movie,Netflix Title 511,2015,TV-PG,109
s512,Movie,Netflix Title 512,2014,TV-MA,88
s513,Movie,Netflix Title 513,2021,TV-PG,116
s514,Movie,Netflix Title 514,2014,TV-MA,102
s515,Movie,Netflix Title 515,2021,TV-MA,96
s516,TV Show,Netflix Title 516,2023,R,1
s517,Movie,Netflix Title 517,2020,TV-MA,71
s518,Movie,Netflix Title 518,2020,TV-14,88
s519,Movie,Netflix Title 519,2018,TV-14,125
s520,Movie,Netflix Title 520,2015,TV-MA,86
s521,Movie,Netflix Title 521,2018,PG,121
s522,Movie,Netflix Title 522,2023,TV-MA,105
s523,Movie,Netflix Title 523,2020,PG,137
s524,Movie,Netflix Title 524,2018,TV-14,65
s525,Movie,Netflix Title 525,2019,TV-PG,107
s526,Movie,Netflix Title 526,2016,TV-PG,127
s527,TV Show,Netflix Title 527,2022,TV-MA,1
s528,Movie,Netflix Title 528,2012,TV-14,100
s529,TV Show,Netflix Title 529,2012,TV-PG,1
s530,Movie,Netflix Title 530,2016,TV-14,98
s531,Movie,Netflix Title 531,2017,TV-MA,155
s532,TV Show,Netflix Title 532,2012,R,2
s533,TV Show,Netflix Title 533,2017,TV-MA,1
s534,Movie,Netflix Title 534,2020,TV-MA,130
s535,TV Show,Netflix Title 535,2023,TV-MA,1
s536,TV Show,Netflix Title 536,2019,TV-14,3
s537,Movie,Netflix Title 537,2022,TV-14,103
s538,Movie,Netflix Title 538,2017,TV-MA,88
s539,Movie,Netflix Title 539,2011,TV-14,97
s540,Movie,Netflix Title 540,2019,TV-14,79
s541,Movie,Netflix Title 541,2022,TV-MA,85
s542,Movie,Netflix Title 542,2019,TV-14,77
s543,Movie,Netflix Title 543,2016,TV-PG,119
s544,Movie,Netflix Title 544,2019,TV-14,103
s545,Movie,Netflix Title 545,2010,TV-MA,107
s546,TV Show,Netflix Title 546,2022,TV-14,1
s547,Movie,Netflix Title 547,2016,TV-14,75
s548,Movie,Netflix Title 548,2019,TV-MA,126
s549,Movie,Netflix Title 549,2015,TV-MA,120
s550,Movie,Netflix Title 550,2021,TV-MA,100
s551,Movie,Netflix Title 551,2022,TV-MA,95
s552,TV Show,Netflix Title 552,2023,TV-MA,1
s553,TV Show,Netflix Title 553,2019,TV-PG,1
s554,TV Show,Netflix Title 554,2016,TV-PG,4
s555,TV Show,Netflix Title 555,2019,TV-MA,1
s556,TV Show,Netflix Title 556,2012,PG-13,1
s557,TV Show,Netflix Title 557,2020,TV-14,2
s558,Movie,Netflix Title 558,2017,TV-14,104
s559,Movie,Netflix Title 559,2022,TV-MA,116
s560,TV Show,Netflix Title 560,2019,R,2
s561,Movie,Netflix Title 561,2021,R,129
s562,Movie,Netflix Title 562,2016,TV-MA,125
s563,Movie,Netflix Title 563,2016,TV-MA,115
s564,Movie,Netflix Title 564,2014,PG,130
s565,TV Show,Netflix Title 565,2021,TV-PG,4
s566,TV Show,Netflix Title 566,2016,TV-MA,5
s567,TV Show,Netflix Title 567,2018,TV-MA,1
s568,Movie,Netflix Title 568,2021,TV-14,102
s569,Movie,Netflix Title 569,2018,TV-MA,84
s570,Movie,Netflix Title 570,2023,PG-13,122
s571,Movie,Netflix Title 571,2017,TV-14,145
s572,TV Show,Netflix Title 572,2020,TV-14,3
s573,TV Show,Netflix Title 573,2023,TV-MA,3
s574,TV Show,Netflix Title 574,2016,TV-MA,5
s575,TV Show,Netflix Title 575,2019,TV-PG,1
s576,Movie,Netflix Title 576,2018,TV-MA,145
s577,TV Show,Netflix Title 577,2019,TV-14,1
s578,Movie,Netflix Title 578,2019,PG,93
s579,Movie,Netflix Title 579,2021,TV-MA,76
s580,TV Show,Netflix Title 580,2018,TV-PG,1
s581,Movie,Netflix Title 581,2016,TV-MA,106
s582,Movie,Netflix Title 582,2021,R,97
s583,TV Show,Netflix Title 583,2018,PG,2
s584,Movie,Netflix Title 584,2021,TV-PG,114
s585,TV Show,Netflix Title 585,2020,TV-14,2
s586,Movie,Netflix Title 586,2016,R,144
s587,Movie,Netflix Title 587,2014,TV-MA,121
s588,TV Show,Netflix Title 588,2022,PG,3
s589,Movie,Netflix Title 589,2015,PG,85
s590,Movie,Netflix Title 590,2016,TV-PG,88
s591,Movie,Netflix Title 591,2020,TV-14,62
s592,Movie,Netflix Title 592,2021,TV-MA,150
s593,Movie,Netflix Title 593,2018,TV-14,100
s594,Movie,Netflix Title 594,2023,TV-PG,123
s595,Movie,Netflix Title 595,2023,TV-PG,137
s596,Movie,Netflix Title 596,2015,TV-MA,102
s597,Movie,Netflix Title 597,2018,TV-MA,108
s598,Movie,Netflix Title 598,2021,TV-14,114
s599,TV Show,Netflix Title 599,2020,R,1
s600,Movie,Netflix Title 600,2018,TV-MA,63
s601,Movie,Netflix Title 601,2018,TV-14,113
s602,Movie,Netflix Title 602,2019,TV-PG,91
s603,Movie,Netflix Title 603,2020,TV-14,100
s604,Movie,Netflix Title 604,2020,TV-MA,99
s605,Movie,Netflix Title 605,2020,TV-14,85
s606,TV Show,Netflix Title 606,2019,PG-13,3
s607,Movie,Netflix Title 607,2018,TV-MA,123
s608,TV Show,Netflix Title 608,2019,TV-MA,1
s609,Movie,Netflix Title 609,2012,TV-MA,69
s610,Movie,Netflix Title 610,2020,TV-PG,102
s611,Movie,Netflix Title 611,2022,PG-13,102
s612,Movie,Netflix Title 612,2013,TV-14,119
s613,TV Show,Netflix Title 613,2020,TV-14,3
s614,Movie,Netflix Title 614,2019,TV-14,130
s615,Movie,Netflix Title 615,2022,R,134
s616,TV Show,Netflix Title 616,2018,TV-MA,2
s617,Movie,Netflix Title 617,2010,TV-14,144
s618,TV Show,Netflix Title 618,2018,TV-14,2
s619,TV Show,Netflix Title 619,2021,R,3
s620,TV Show,Netflix Title 620,2016,TV-PG,3
s621,Movie,Netflix Title 621,2014,PG,87
s622,TV Show,Netflix Title 622,2013,TV-14,1
s623,Movie,Netflix Title 623,2019,TV-PG,113
s624,Movie,Netflix Title 624,2019,TV-14,84
s625,Movie,Netflix Title 625,2019,PG-13,94
s626,TV Show,Netflix Title 626,2020,TV-MA,1
s627,Movie,Netflix Title 627,2014,TV-MA,126
s628,Movie,Netflix Title 628,2019,,125
s629,Movie,Netflix Title 629,2019,TV-14,116
s630,TV Show,Netflix Title 630,2019,TV-PG,1
s631,TV Show,Netflix Title 631,2021,TV-MA,2
s632,Movie,Netflix Title 632,2019,PG,90
s633,TV Show,Netflix Title 633,2022,TV-PG,3
s634,Movie,Netflix Title 634,2018,,81
s635,TV Show,Netflix Title 635,2020,TV-14,1
s636,Movie,Netflix Title 636,2016,TV-14,88
s637,Movie,Netflix Title 637,2023,TV-PG,83
s638,Movie,Netflix Title 638,2019,TV-14,104
s639,Movie,Netflix Title 639,2021,TV-MA,81
s640,TV Show,Netflix Title 640,2020,TV-MA,1
s641,TV Show,Netflix Title 641,2015,TV-MA,1
s642,Movie,Netflix Title 642,2016,R,72
s643,TV Show,Netflix Title 643,2017,TV-14,1
s644,Movie,Netflix Title 644,2022,PG-13,126
s645,Movie,Netflix Title 645,2022,TV-14,83
s646,Movie,Netflix Title 646,2017,TV-MA,102
s647,TV Show,Netflix Title 647,2012,PG-13,1
s648,Movie,Netflix Title 648,2019,TV-PG,102
s649,Movie,Netflix Title 649,2018,TV-14,107
s650,Movie,Netflix Title 650,2022,TV-14,95
s651,Movie,Netflix Title 651,2022,TV-PG,128
s652,Movie,Netflix Title 652,2018,TV-14,65
s653,Movie,Netflix Title 653,2020,TV-MA,104
s654,Movie,Netflix Title 654,2020,TV-MA,88
s655,TV Show,Netflix Title 655,2015,TV-MA,1
s656,TV Show,Netflix Title 656,2022,PG-13,1
s657,Movie,Netflix Title 657,2020,TV-MA,127
s658,Movie,Netflix Title 658,2018,TV-MA,104
s659,TV Show,Netflix Title 659,2015,TV-MA,1
s660,Movie,Netflix Title 660,2016,R,81
s661,Movie,Netflix Title 661,2018,TV-MA,106
s662,TV Show,Netflix Title 662,2021,TV-MA,1
s663,Movie,Netflix Title 663,2020,TV-14,99
s664,TV Show,Netflix Title 664,2014,TV-MA,3
s665,Movie,Netflix Title 665,2016,TV-14,103
s666,Movie,Netflix Title 666,2020,TV-MA,63
s667,Movie,Netflix Title 667,2022,TV-MA,85
s668,Movie,Netflix Title 668,2019,TV-MA,86
s669,TV Show,Netflix Title 669,2012,TV-PG,1
s670,Movie,Netflix Title 670,2013,TV-MA,102
s671,TV Show,Netflix Title 671,2022,TV-14,1
s672,Movie,Netflix Title 672,2014,TV-PG,98
s673,Movie,Netflix Title 673,2014,TV-MA,91
s674,Movie,Netflix Title 674,2012,TV-14,119
s675,Movie,Netflix Title 675,2018,TV-PG,140
s676,Movie,Netflix Title 676,2018,PG,112
s677,TV Show,Netflix Title 677,2016,TV-MA,1
s678,TV Show,Netflix Title 678,2011,TV-MA,3
s679,Movie,Netflix Title 679,2019,TV-MA,66
s680,Movie,Netflix Title 680,2010,TV-14,116
s681,Movie,Netflix Title 681,2018,TV-MA,89
s682,TV Show,Netflix Title 682,2013,TV-14,1
s683,Movie,Netflix Title 683,2020,TV-MA,97
s684,TV Show,Netflix Title 684,2022,TV-14,1
s685,TV Show,Netflix Title 685,2020,R,2
s686,TV Show,Netflix Title 686,2020,PG-13,2
s687,Movie,Netflix Title 687,2022,TV-MA,115
s688,Movie,Netflix Title 688,2010,PG,100
s689,Movie,Netflix Title 689,2023,TV-14,137
s690,Movie,Netflix Title 690,2014,TV-MA,123
s691,TV Show,Netflix Title 691,2023,TV-14,1
s692,Movie,Netflix Title 692,2019,TV-MA,105
s693,Movie,Netflix Title 693,2010,TV-PG,72
s694,Movie,Netflix Title 694,2020,TV-14,158
s695,Movie,Netflix Title 695,2021,TV-MA,119
s696,Movie,Netflix Title 696,2018,TV-MA,105
s697,Movie,Netflix Title 697,2020,R,78
s698,TV Show,Netflix Title 698,2020,R,1
s699,Movie,Netflix Title 699,2011,TV-MA,90
s700,Movie,Netflix Title 700,2016,TV-14,113
s701,Movie,Netflix Title 701,2014,R,97
s702,TV Show,Netflix Title 702,2013,TV-14,5
s703,Movie,Netflix Title 703,2020,TV-14,100
s704,Movie,Netflix Title 704,2022,R,101
s705,Movie,Netflix Title 705,2020,TV-PG,96
s706,Movie,Netflix Title 706,2012,TV-14,110
s707,Movie,Netflix Title 707,2020,TV-MA,86
s708,TV Show,Netflix Title 708,2016,TV-MA,1
s709,Movie,Netflix Title 709,2014,TV-14,82
s710,TV Show,Netflix Title 710,2020,PG-13,1
s711,Movie,Netflix Title 711,2017,TV-14,140
s712,Movie,Netflix Title 712,2020,TV-MA,73
s713,TV Show,Netflix Title 713,2020,TV-14,1
s714,Movie,Netflix Title 714,2021,R,84
s715,Movie,Netflix Title 715,2020,TV-PG,105
s716,Movie,Netflix Title 716,2018,TV-MA,78
s717,Movie,Netflix Title 717,2016,TV-MA,87
s718,Movie,Netflix Title 718,2018,TV-MA,68
s719,TV Show,Netflix Title 719,2012,TV-14,1
s720,Movie,Netflix Title 720,2013,,103
s721,Movie,Netflix Title 721,2021,TV-MA,114
s722,Movie,Netflix Title 722,2017,TV-MA,101
s723,Movie,Netflix Title 723,2017,TV-MA,107
s724,TV Show,Netflix Title 724,2019,TV-MA,3
s725,TV Show,Netflix Title 725,2015,TV-MA,1
s726,Movie,Netflix Title 726,2014,TV-14,103
s727,Movie,Netflix Title 727,2023,TV-MA,115
s728,TV Show,Netflix Title 728,2018,PG-13,1
s729,Movie,Netflix Title 729,2021,TV-14,92
s730,TV Show,Netflix Title 730,2020,TV-14,2
s731,Movie,Netflix Title 731,2016,PG-13,135
s732,Movie,Netflix Title 732,2018,TV-MA,61
s733,TV Show,Netflix Title 733,2018,TV-PG,1
s734,TV Show,Netflix Title 734,2022,TV-14,1
s735,TV Show,Netflix Title 735,2020,TV-MA,1
s736,Movie,Netflix Title 736,2017,PG-13,122
s737,Movie,Netflix Title 737,2020,PG,115
s738,Movie,Netflix Title 738,2022,TV-MA,120
s739,TV Show,Netflix Title 739,2020,TV-MA,1
s740,TV Show,Netflix Title 740,2018,TV-14,3
s741,Movie,Netflix Title 741,2015,TV-MA,102
s742,TV Show,Netflix Title 742,2016,TV-MA,1
s743,TV Show,Netflix Title 743,2022,TV-MA,1
s744,Movie,Netflix Title 744,2017,TV-PG,104
s745,TV Show,Netflix Title 745,2017,PG,1
s746,Movie,Netflix Title 746,2016,TV-14,97
s747,Movie,Netflix Title 747,2018,TV-PG,121
s748,Movie,Netflix Title 748,2019,TV-14,120
s749,Movie,Netflix Title 749,2019,TV-MA,92
s750,TV Show,Netflix Title 750,2013,TV-MA,4
s751,Movie,Netflix Title 751,2022,TV-MA,102
s752,Movie,Netflix Title 752,2018,TV-14,136
s753,Movie,Netflix Title 753,2018,TV-MA,109
s754,Movie,Netflix Title 754,2017,TV-PG,125
s755,Movie,Netflix Title 755,2017,PG-13,112
s756,Movie,Netflix Title 756,2017,PG-13,128
s757,TV Show,Netflix Title 757,2018,TV-PG,2
s758,Movie,Netflix Title 758,2019,TV-MA,58
s759,Movie,Netflix Title 759,2017,TV-14,92
s760,TV Show,Netflix Title 760,2023,TV-MA,1
s761,TV Show,Netflix Title 761,2017,TV-MA,2
s762,Movie,Netflix Title 762,2015,TV-PG,101
s763,Movie,Netflix Title 763,2020,TV-MA,74
s764,Movie,Netflix Title 764,2016,TV-MA,73
s765,TV Show,Netflix Title 765,2020,TV-14,1
s766,TV Show,Netflix Title 766,2018,TV-14,1
s767,TV Show,Netflix Title 767,2020,TV-MA,2
s768,TV Show,Netflix Title 768,2020,R,2
s769,TV Show,Netflix Title 769,2023,TV-14,1
s770,Movie,Netflix Title 770,2023,TV-MA,104
s771,Movie,Netflix Title 771,2021,R,104
s772,TV Show,Netflix Title 772,2012,TV-MA,4
s773,TV Show,Netflix Title 773,2015,TV-MA,3
s774,Movie,Netflix Title 774,2023,TV-MA,134
s775,Movie,Netflix Title 775,2021,TV-MA,120
s776,Movie,Netflix Title 776,2022,TV-PG,116
s777,Movie,Netflix Title 777,2016,TV-MA,90
s778,TV Show,Netflix Title 778,2021,TV-MA,1
s779,Movie,Netflix Title 779,2017,TV-MA,87
s780,Movie,Netflix Title 780,2017,TV-MA,118
s781,TV Show,Netflix Title 781,2015,TV-PG,2
s782,TV Show,Netflix Title 782,2018,TV-PG,1
s783,Movie,Netflix Title 783,2020,TV-MA,109
s784,Movie,Netflix Title 784,2019,TV-MA,150
s785,TV Show,Netflix Title 785,2018,TV-14,1
s786,Movie,Netflix Title 786,2018,TV-MA,105
s787,Movie,Netflix Title 787,2019,PG-13,116
s788,Movie,Netflix Title 788,2022,TV-PG,90
s789,Movie,Netflix Title 789,2017,TV-MA,74
s790,Movie,Netflix Title 790,2015,TV-MA,111
s791,Movie,Netflix Title 791,2020,TV-MA,115
s792,TV Show,Netflix Title 792,2021,R,1
s793,TV Show,Netflix Title 793,2016,TV-MA,1
s794,Movie,Netflix Title 794,2017,TV-MA,90
s795,TV Show,Netflix Title 795,2019,PG-13,3
s796,Movie,Netflix Title 796,2020,TV-PG,99
s797,TV Show,Netflix Title 797,2018,TV-14,1
s798,TV Show,Netflix Title 798,2021,TV-14,3
s799,Movie,Netflix Title 799,2021,PG-13,110
s800,Movie,Netflix Title 800,2016,PG,97
s801,Movie,Netflix Title 801,2015,TV-MA,114
s802,Movie,Netflix Title 802,2019,TV-14,132
s803,TV Show,Netflix Title 803,2020,TV-MA,1
s804,TV Show,Netflix Title 804,2021,TV-MA,1
s805,Movie,Netflix Title 805,2018,TV-MA,124
s806,Movie,Netflix Title 806,2018,TV-14,87
s807,TV Show,Netflix Title 807,2011,PG,1
s808,Movie,Netflix Title 808,2022,R,76
s809,TV Show,Netflix Title 809,2020,PG,3
s810,Movie,Netflix Title 810,2018,PG-13,83
s811,TV Show,Netflix Title 811,2017,PG-13,2
s812,TV Show,Netflix Title 812,2010,TV-14,1
s813,TV Show,Netflix Title 813,2022,TV-14,5
s814,Movie,Netflix Title 814,2016,TV-MA,126
s815,Movie,Netflix Title 815,2012,TV-PG,92
s816,Movie,Netflix Title 816,2018,TV-MA,109
s817,Movie,Netflix Title 817,2016,TV-PG,103
s818,TV Show,Netflix Title 818,2023,TV-MA,2
s819,Movie,Netflix Title 819,2015,PG-13,122
s820,Movie,Netflix Title 820,2015,TV-MA,100
s821,Movie,Netflix Title 821,2019,TV-14,160
s822,TV Show,Netflix Title 822,2016,TV-MA,2
s823,Movie,Netflix Title 823,2018,TV-14,119
s824,Movie,Netflix Title 824,2022,R,109
s825,Movie,Netflix Title 825,2017,TV-MA,62
s826,TV Show,Netflix Title 826,2018,,1
s827,Movie,Netflix Title 827,2019,TV-MA,81
s828,Movie,Netflix Title 828,2020,TV-14,67
s829,Movie,Netflix Title 829,2011,TV-14,136
s830,Movie,Netflix Title 830,2016,TV-MA,99
s831,Movie,Netflix Title 831,2021,TV-MA,106
s832,Movie,Netflix Title 832,2019,TV-MA,92
s833,TV Show,Netflix Title 833,2020,R,1
s834,Movie,Netflix Title 834,2022,PG-13,102
s835,Movie,Netflix Title 835,2019,TV-PG,109
s836,Movie,Netflix Title 836,2019,PG-13,102
s837,TV Show,Netflix Title 837,2021,PG-13,1
s838,TV Show,Netflix Title 838,2013,PG,2
s839,TV Show,Netflix Title 839,2015,TV-MA,4
s840,TV Show,Netflix Title 840,2011,TV-MA,1
s841,Movie,Netflix Title 841,2020,TV-14,128
s842,Movie,Netflix Title 842,2021,PG-13,88
s843,Movie,Netflix Title 843,2018,TV-14,91
s844,TV Show,Netflix Title 844,2023,TV-14,2
s845,TV Show,Netflix Title 845,2021,TV-MA,1
s846,Movie,Netflix Title 846,2017,TV-MA,124
s847,Movie,Netflix Title 847,2013,TV-MA,121
s848,Movie,Netflix Title 848,2020,TV-MA,108
s849,Movie,Netflix Title 849,2020,PG-13,96
s850,TV Show,Netflix Title 850,2021,TV-PG,1
s851,TV Show,Netflix Title 851,2017,TV-MA,1
s852,Movie,Netflix Title 852,2012,PG-13,77
s853,Movie,Netflix Title 853,2010,TV-PG,142
s854,Movie,Netflix Title 854,2019,TV-MA,86
s855,Movie,Netflix Title 855,2016,TV-MA,127
s856,Movie,Netflix Title 856,2016,TV-14,130
s857,Movie,Netflix Title 857,2021,TV-MA,98
s858,Movie,Netflix Title 858,2019,TV-MA,95
s859,Movie,Netflix Title 859,2019,TV-14,131
s860,TV Show,Netflix Title 860,2018,R,1
s861,Movie,Netflix Title 861,2017,TV-14,112
s862,Movie,Netflix Title 862,2013,TV-MA,117
s863,TV Show,Netflix Title 863,2022,R,1
s864,TV Show,Netflix Title 864,2016,TV-MA,5
s865,Movie,Netflix Title 865,2018,TV-PG,137
s866,Movie,Netflix Title 866,2018,TV-MA,93
s867,Movie,Netflix Title 867,2021,TV-14,81
s868,Movie,Netflix Title 868,2015,,113
s869,Movie,Netflix Title 869,2021,TV-14,134
s870,TV Show,Netflix Title 870,2013,R,1
s871,Movie,Netflix Title 871,2019,TV-MA,83
s872,TV Show,Netflix Title 872,2019,TV-MA,4
s873,Movie,Netflix Title 873,2018,TV-MA,126
s874,TV Show,Netflix Title 874,2016,PG-13,3
s875,Movie,Netflix Title 875,2018,PG-13,91
s876,Movie,Netflix Title 876,2016,TV-MA,113
s877,Movie,Netflix Title 877,2019,TV-MA,106
s878,TV Show,Netflix Title 878,2018,TV-14,3
s879,Movie,Netflix Title 879,2020,TV-MA,74
s880,Movie,Netflix Title 880,2022,TV-MA,74
s881,Movie,Netflix Title 881,2021,TV-14,85
s882,Movie,Netflix Title 882,2015,TV-14,104
s883,Movie,Netflix Title 883,2018,TV-MA,110
s884,Movie,Netflix Title 884,2016,TV-MA,137
s885,TV Show,Netflix Title 885,2016,TV-PG,2
s886,TV Show,Netflix Title 886,2020,TV-MA,1
s887,Movie,Netflix Title 887,2020,R,111
s888,Movie,Netflix Title 888,2020,TV-MA,85
s889,Movie,Netflix Title 889,2020,TV-14,92
s890,Movie,Netflix Title 890,2020,TV-MA,81
s891,Movie,Netflix Title 891,2019,TV-MA,123
s892,Movie,Netflix Title 892,2015,TV-MA,146
s893,TV Show,Netflix Title 893,2015,TV-14,1
s894,TV Show,Netflix Title 894,2019,TV-MA,1
s895,Movie,Netflix Title 895,2016,R,91
s896,Movie,Netflix Title 896,2020,TV-MA,86
s897,TV Show,Netflix Title 897,2018,TV-PG,1
s898,TV Show,Netflix Title 898,2021,PG-13,2
s899,Movie,Netflix Title 899,2021,TV-MA,70
s900,Movie,Netflix Title 900,2013,PG-13,111
s901,TV Show,Netflix Title 901,2015,TV-MA,1
s902,Movie,Netflix Title 902,2020,TV-MA,126
s903,Movie,Netflix Title 903,2018,TV-MA,129
s904,Movie,Netflix Title 904,2013,TV-14,93
s905,Movie,Netflix Title 905,2019,TV-MA,122
s906,Movie,Netflix Title 906,2019,TV-MA,121
s907,Movie,Netflix Title 907,2019,R,82
s908,Movie,Netflix Title 908,2010,TV-PG,119
s909,Movie,Netflix Title 909,2020,TV-MA,106
s910,Movie,Netflix Title 910,2020,TV-PG,97
s911,TV Show,Netflix Title 911,2020,TV-MA,1
s912,TV Show,Netflix Title 912,2019,TV-MA,1
s913,Movie,Netflix Title 913,2018,TV-14,97
s914,Movie,Netflix Title 914,2021,PG,83
s915,TV Show,Netflix Title 915,2016,TV-14,1
s916,Movie,Netflix Title 916,2019,TV-MA,74
s917,Movie,Netflix Title 917,2020,PG-13,126
s918,Movie,Netflix Title 918,2016,TV-MA,119
s919,TV Show,Netflix Title 919,2013,TV-MA,1
s920,Movie,Netflix Title 920,2019,TV-14,113
s921,TV Show,Netflix Title 921,2015,TV-MA,1
s922,TV Show,Netflix Title 922,2019,TV-MA,1
s923,TV Show,Netflix Title 923,2018,TV-MA,1
s924,Movie,Netflix Title 924,2016,R,111
s925,Movie,Netflix Title 925,2013,TV-14,82
s926,TV Show,Netflix Title 926,2019,R,3
s927,TV Show,Netflix Title 927,2021,PG,1
s928,Movie,Netflix Title 928,2013,TV-14,90
s929,Movie,Netflix Title 929,2016,TV-PG,118
s930,Movie,Netflix Title 930,2017,TV-14,73
s931,Movie,Netflix Title 931,2019,TV-14,96
s932,TV Show,Netflix Title 932,2015,TV-14,1
s933,Movie,Netflix Title 933,2017,TV-PG,118
s934,TV Show,Netflix Title 934,2016,TV-14,1
s935,Movie,Netflix Title 935,2023,TV-PG,102
s936,Movie,Netflix Title 936,2020,R,112
s937,TV Show,Netflix Title 937,2021,PG-13,1
s938,TV Show,Netflix Title 938,2017,PG,1
s939,Movie,Netflix Title 939,2019,PG,82
s940,TV Show,Netflix Title 940,2017,TV-MA,1
s941,Movie,Netflix Title 941,2019,TV-14,117
s942,Movie,Netflix Title 942,2021,R,62
s943,TV Show,Netflix Title 943,2019,R,1
s944,Movie,Netflix Title 944,2019,TV-14,129
s945,TV Show,Netflix Title 945,2013,TV-MA,1
s946,TV Show,Netflix Title 946,2023,TV-MA,1
s947,Movie,Netflix Title 947,2013,TV-MA,140
s948,Movie,Netflix Title 948,2014,TV-MA,104
s949,TV Show,Netflix Title 949,2012,TV-14,2
s950,Movie,Netflix Title 950,2019,TV-MA,110
s951,Movie,Netflix Title 951,2019,TV-MA,136
s952,TV Show,Netflix Title 952,2020,TV-MA,1
s953,Movie,Netflix Title 953,2020,TV-14,107
s954,Movie,Netflix Title 954,2021,PG-13,115
s955,Movie,Netflix Title 955,2021,PG-13,119
s956,TV Show,Netflix Title 956,2022,TV-PG,1
s957,Movie,Netflix Title 957,2011,PG-13,127
s958,Movie,Netflix Title 958,2015,R,77
s959,Movie,Netflix Title 959,2022,TV-MA,89
s960,Movie,Netflix Title 960,2021,TV-PG,103
s961,Movie,Netflix Title 961,2014,TV-MA,95
s962,Movie,Netflix Title 962,2019,TV-MA,112
s963,TV Show,Netflix Title 963,2016,PG-13,1
s964,Movie,Netflix Title 964,2019,,116
s965,Movie,Netflix Title 965,2012,TV-14,80
s966,TV Show,Netflix Title 966,2020,PG-13,1
s967,Movie,Netflix Title 967,2023,TV-MA,112
s968,Movie,Netflix Title 968,2019,TV-14,102
s969,Movie,Netflix Title 969,2018,TV-MA,78
s970,Movie,Netflix Title 970,2020,TV-MA,90
s971,Movie,Netflix Title 971,2022,TV-14,91
s972,Movie,Netflix Title 972,2020,TV-MA,135
s973,TV Show,Netflix Title 973,2019,TV-PG,1
s974,Movie,Netflix Title 974,2017,TV-PG,94
s975,Movie,Netflix Title 975,2013,PG-13,84
s976,Movie,Netflix Title 976,2016,TV-MA,122
s977,TV Show,Netflix Title 977,2014,R,1
s978,Movie,Netflix Title 978,2022,TV-MA,132
s979,Movie,Netflix Title 979,2015,TV-PG,61
s980,Movie,Netflix Title 980,2019,TV-MA,85
s981,Movie,Netflix Title 981,2014,TV-MA,122
s982,TV Show,Netflix Title 982,2022,TV-14,1
s983,Movie,Netflix Title 983,2023,R,107
s984,Movie,Netflix Title 984,2021,TV-MA,110
s985,Movie,Netflix Title 985,2022,TV-MA,131
s986,Movie,Netflix Title 986,2022,TV-MA,151
s987,Movie,Netflix Title 987,2019,PG-13,76
s988,Movie,Netflix Title 988,2017,R,113
s989,Movie,Netflix Title 989,2019,TV-MA,91
s990,Movie,Netflix Title 990,2015,R,81
s991,TV Show,Netflix Title 991,2021,PG-13,2
s992,Movie,Netflix Title 992,2015,TV-PG,90
s993,TV Show,Netflix Title 993,2018,TV-MA,1
s994,Movie,Netflix Title 994,2014,TV-14,90
s995,Movie,Netflix Title 995,2021,PG,131
s996,TV Show,Netflix Title 996,2019,PG,3
s997,TV Show,Netflix Title 997,2019,PG-13,2
s998,Movie,Netflix Title 998,2017,PG-13,135
s999,Movie,Netflix Title 999,2022,TV-14,96
s1000,Movie,Netflix Title 1000,2012,TV-14,112
